strain,contingent,forward,beliefs,n_plans,dominance_invocation_rate,opponent_conditioning_rate,truthful_rate
c0_f0_b0,0,0,0,30,0.233,0.2,0.367
c0_f0_b1,0,0,1,30,0.4,0.533,0.567
c0_f0_b2,0,0,2,30,0.4,0.5,0.5
c0_f1_b0,0,1,0,30,0.467,0.433,0.567
c0_f1_b1,0,1,1,30,0.533,0.6,0.667
c0_f1_b2,0,1,2,30,0.467,0.8,0.633
c0_f2_b0,0,2,0,30,0.167,0.433,0.433
c0_f2_b1,0,2,1,30,0.533,0.533,0.7
c0_f2_b2,0,2,2,30,0.533,0.733,0.633
c1_f0_b0,1,0,0,30,0.8,0.6,0.967
c1_f0_b1,1,0,1,30,0.533,0.767,0.667
c1_f0_b2,1,0,2,30,0.833,0.8,0.9
c1_f1_b0,1,1,0,30,0.767,0.467,0.867
c1_f1_b1,1,1,1,30,0.667,0.633,0.733
c1_f1_b2,1,1,2,30,0.8,0.633,0.867
c1_f2_b0,1,2,0,30,0.8,0.5,0.9
c1_f2_b1,1,2,1,30,0.833,0.6,0.9
c1_f2_b2,1,2,2,30,0.867,0.6,0.933
c2_f0_b0,2,0,0,30,0.5,0.567,0.633
c2_f0_b1,2,0,1,30,0.5,0.9,0.667
c2_f0_b2,2,0,2,30,0.467,0.833,0.7
c2_f1_b0,2,1,0,30,0.567,0.433,0.767
c2_f1_b1,2,1,1,30,0.8,0.733,0.867
c2_f1_b2,2,1,2,30,0.667,0.867,0.8
c2_f2_b0,2,2,0,30,0.767,0.267,0.9
c2_f2_b1,2,2,1,30,0.867,0.833,0.9
c2_f2_b2,2,2,2,30,0.8,0.9,0.9
