strain,quote
c0_f0_b0,"With a private value of $16 in a one-shot second-price auction, a straightforward profit-maximizing approach is to bid close to my value while staying within the allowed increment structure. Since I only care about this round and cannot use history, I should avoid bidding above my value because that risks negative payo"
c0_f0_b1,"With a private value of $3 in a second-price auction against two rational bidders with values drawn from the same distribution, a sensible long-run strategy is to bid close to true value. Since the item is worth only $3 to me, bidding above value risks negative profit if I win and pay the second-highest bid. Because al"
c0_f0_b2,"With a private value of $19 in a one-shot second-price auction against two rational bidders, the safest profit-maximizing approach is to bid my true value. In a second-price auction, truthful bidding is the standard dominant strategy because it avoids overpaying while preserving the chance to win whenever the price is "
c0_f1_b0,"I have value $2, so my profit if I win is value minus the second-highest bid. Since I only care about one round and values are independent, I should avoid bidding above my value unless there is some chance of winning at a very low payment. In a second-price auction, bidding my value is a natural conservative choice: if"
c0_f1_b1,"My value is $19. In a second-price auction with three rational bidders and values drawn from the same distribution, a sensible profit-maximizing bid is to bid close to true value, since my bid mainly affects whether I win, not what I pay if I win. Because I only gain if the winning price is below $19, bidding my value "
c0_f1_b2,"My value is very high at $48, so the prize is worth a lot to me. In a second-price auction, my profit if I win is roughly my value minus the second-highest bid, so the main goal is to bid high enough to win when it is profitable, while avoiding overbidding above value. Since I cannot condition on opponents’ exact bids,"
c0_f2_b0,"With value $19 in a second-price auction, my profit if I win is 19 minus the second-highest bid. Since I do not condition on opponents’ specific bids, I compare candidate bids by expected payoff: bidding very low raises the chance of losing, while bidding above my value risks winning at a price near my value or above. "
c0_f2_b1,"With one round only, I should maximize expected profit from this auction. In a second-price auction, bidding my true value is the standard profit-maximizing strategy because if I win, I pay the second-highest bid, not my own bid. Since values are uniformly drawn and opponents are rational profit-maximizers with similar"
c0_f2_b2,"With a private value of 34, my profit if I win is 34 minus the second-highest bid. Since I only care about my expected profit and there is no history, I should bid conservatively but competitively. In a second-price auction, bidding my true value is the standard dominant strategy: it maximizes my chance of winning when"
