basis_id,contingent,forward,beliefs,persona_file,config_file
c0_f0_b0,off,off,off,rule_prompt_v2/personas/spsb_basis_cot/c0_f0_b0.txt,config_v2/configs_auction/interventions_gpt5mini_cot/spsb_basis_cot_c0_f0_b0.yaml
c0_f0_b1,off,off,firstorder,rule_prompt_v2/personas/spsb_basis_cot/c0_f0_b1.txt,config_v2/configs_auction/interventions_gpt5mini_cot/spsb_basis_cot_c0_f0_b1.yaml
c0_f0_b2,off,off,secondorder,rule_prompt_v2/personas/spsb_basis_cot/c0_f0_b2.txt,config_v2/configs_auction/interventions_gpt5mini_cot/spsb_basis_cot_c0_f0_b2.yaml
c0_f1_b0,off,onestep,off,rule_prompt_v2/personas/spsb_basis_cot/c0_f1_b0.txt,config_v2/configs_auction/interventions_gpt5mini_cot/spsb_basis_cot_c0_f1_b0.yaml
c0_f1_b1,off,onestep,firstorder,rule_prompt_v2/personas/spsb_basis_cot/c0_f1_b1.txt,config_v2/configs_auction/interventions_gpt5mini_cot/spsb_basis_cot_c0_f1_b1.yaml
c0_f1_b2,off,onestep,secondorder,rule_prompt_v2/personas/spsb_basis_cot/c0_f1_b2.txt,config_v2/configs_auction/interventions_gpt5mini_cot/spsb_basis_cot_c0_f1_b2.yaml
c0_f2_b0,off,tree,off,rule_prompt_v2/personas/spsb_basis_cot/c0_f2_b0.txt,config_v2/configs_auction/interventions_gpt5mini_cot/spsb_basis_cot_c0_f2_b0.yaml
c0_f2_b1,off,tree,firstorder,rule_prompt_v2/personas/spsb_basis_cot/c0_f2_b1.txt,config_v2/configs_auction/interventions_gpt5mini_cot/spsb_basis_cot_c0_f2_b1.yaml
c0_f2_b2,off,tree,secondorder,rule_prompt_v2/personas/spsb_basis_cot/c0_f2_b2.txt,config_v2/configs_auction/interventions_gpt5mini_cot/spsb_basis_cot_c0_f2_b2.yaml
c1_f0_b0,enumerate,off,off,rule_prompt_v2/personas/spsb_basis_cot/c1_f0_b0.txt,config_v2/configs_auction/interventions_gpt5mini_cot/spsb_basis_cot_c1_f0_b0.yaml
c1_f0_b1,enumerate,off,firstorder,rule_prompt_v2/personas/spsb_basis_cot/c1_f0_b1.txt,config_v2/configs_auction/interventions_gpt5mini_cot/spsb_basis_cot_c1_f0_b1.yaml
c1_f0_b2,enumerate,off,secondorder,rule_prompt_v2/personas/spsb_basis_cot/c1_f0_b2.txt,config_v2/configs_auction/interventions_gpt5mini_cot/spsb_basis_cot_c1_f0_b2.yaml
c1_f1_b0,enumerate,onestep,off,rule_prompt_v2/personas/spsb_basis_cot/c1_f1_b0.txt,config_v2/configs_auction/interventions_gpt5mini_cot/spsb_basis_cot_c1_f1_b0.yaml
c1_f1_b1,enumerate,onestep,firstorder,rule_prompt_v2/personas/spsb_basis_cot/c1_f1_b1.txt,config_v2/configs_auction/interventions_gpt5mini_cot/spsb_basis_cot_c1_f1_b1.yaml
c1_f1_b2,enumerate,onestep,secondorder,rule_prompt_v2/personas/spsb_basis_cot/c1_f1_b2.txt,config_v2/configs_auction/interventions_gpt5mini_cot/spsb_basis_cot_c1_f1_b2.yaml
c1_f2_b0,enumerate,tree,off,rule_prompt_v2/personas/spsb_basis_cot/c1_f2_b0.txt,config_v2/configs_auction/interventions_gpt5mini_cot/spsb_basis_cot_c1_f2_b0.yaml
c1_f2_b1,enumerate,tree,firstorder,rule_prompt_v2/personas/spsb_basis_cot/c1_f2_b1.txt,config_v2/configs_auction/interventions_gpt5mini_cot/spsb_basis_cot_c1_f2_b1.yaml
c1_f2_b2,enumerate,tree,secondorder,rule_prompt_v2/personas/spsb_basis_cot/c1_f2_b2.txt,config_v2/configs_auction/interventions_gpt5mini_cot/spsb_basis_cot_c1_f2_b2.yaml
c2_f0_b0,worstcase,off,off,rule_prompt_v2/personas/spsb_basis_cot/c2_f0_b0.txt,config_v2/configs_auction/interventions_gpt5mini_cot/spsb_basis_cot_c2_f0_b0.yaml
c2_f0_b1,worstcase,off,firstorder,rule_prompt_v2/personas/spsb_basis_cot/c2_f0_b1.txt,config_v2/configs_auction/interventions_gpt5mini_cot/spsb_basis_cot_c2_f0_b1.yaml
c2_f0_b2,worstcase,off,secondorder,rule_prompt_v2/personas/spsb_basis_cot/c2_f0_b2.txt,config_v2/configs_auction/interventions_gpt5mini_cot/spsb_basis_cot_c2_f0_b2.yaml
c2_f1_b0,worstcase,onestep,off,rule_prompt_v2/personas/spsb_basis_cot/c2_f1_b0.txt,config_v2/configs_auction/interventions_gpt5mini_cot/spsb_basis_cot_c2_f1_b0.yaml
c2_f1_b1,worstcase,onestep,firstorder,rule_prompt_v2/personas/spsb_basis_cot/c2_f1_b1.txt,config_v2/configs_auction/interventions_gpt5mini_cot/spsb_basis_cot_c2_f1_b1.yaml
c2_f1_b2,worstcase,onestep,secondorder,rule_prompt_v2/personas/spsb_basis_cot/c2_f1_b2.txt,config_v2/configs_auction/interventions_gpt5mini_cot/spsb_basis_cot_c2_f1_b2.yaml
c2_f2_b0,worstcase,tree,off,rule_prompt_v2/personas/spsb_basis_cot/c2_f2_b0.txt,config_v2/configs_auction/interventions_gpt5mini_cot/spsb_basis_cot_c2_f2_b0.yaml
c2_f2_b1,worstcase,tree,firstorder,rule_prompt_v2/personas/spsb_basis_cot/c2_f2_b1.txt,config_v2/configs_auction/interventions_gpt5mini_cot/spsb_basis_cot_c2_f2_b1.yaml
c2_f2_b2,worstcase,tree,secondorder,rule_prompt_v2/personas/spsb_basis_cot/c2_f2_b2.txt,config_v2/configs_auction/interventions_gpt5mini_cot/spsb_basis_cot_c2_f2_b2.yaml
