corpus,cell,run,files,parsed,note
frontier,ascending_clock_closed,run_2026-07-09_13-10-06-321363,50,50,
frontier,axis1_contingent_baseline,run_2026-07-09_14-04-06-492270,23,23,
frontier,axis2_forward_baseline,run_2026-07-09_14-44-27-928625,29,29,
frontier,axis2_forward_onestep,run_2026-07-09_15-26-38-501199,44,44,
frontier,axis2_forward_tree,run_2026-07-09_15-50-34-282068,24,24,
frontier,axis3_beliefs_baseline,run_2026-07-09_16-29-36-911181,15,15,
frontier,axis3_beliefs_secondorder,run_2026-07-09_19-40-22-283572,18,18,
frontier,intervention_menu,run_2026-07-09_23-03-03-200687,5,5,
frontier,intervention_proxy_breitmoser,run_2026-07-10_10-10-14-814047,9,9,
frontier,spsb,run_2026-07-10_10-59-34-848646,34,34,
frontier,ascending_clock_closed,run_2026-07-08_12-04-51-109999,36,36,
frontier,ascending_clock_closed,run_2026-07-08_22-48-12-316974,14,14,
frontier,axis1_contingent_baseline,run_2026-07-08_12-22-19-391177,43,43,
frontier,axis1_contingent_baseline,run_2026-07-08_22-48-12-411132,7,7,
frontier,axis2_forward_baseline,run_2026-07-08_12-26-22-485503,0,0,
frontier,axis2_forward_baseline,run_2026-07-08_22-50-02-115813,45,45,
frontier,axis2_forward_onestep,run_2026-07-08_12-29-23-114519,0,0,
frontier,axis2_forward_onestep,run_2026-07-08_22-55-51-453705,41,41,
frontier,axis2_forward_tree,run_2026-07-08_12-04-50-937025,0,0,
frontier,axis2_forward_tree,run_2026-07-08_23-16-14-633620,38,38,
frontier,axis3_beliefs_baseline,run_2026-07-08_12-04-50-936782,37,37,
frontier,axis3_beliefs_baseline,run_2026-07-08_23-36-56-673304,11,11,
frontier,axis3_beliefs_secondorder,run_2026-07-08_12-29-23-236811,41,41,
frontier,axis3_beliefs_secondorder,run_2026-07-08_23-56-51-472917,8,8,
frontier,intervention_menu,run_2026-07-08_12-36-33-701190,44,44,
frontier,intervention_menu,run_2026-07-08_13-04-30-945840,3,3,
frontier,intervention_menu,run_2026-07-09_00-03-22-938889,3,3,
frontier,intervention_proxy_breitmoser,run_2026-07-08_12-26-22-603294,12,12,
frontier,intervention_proxy_breitmoser,run_2026-07-09_01-08-20-275237,0,0,
frontier,pilot_false_safety_down,run_2026-07-10_15-36-56-448378,44,44,
frontier,pilot_false_safety_up,run_2026-07-10_16-13-40-644959,34,34,
frontier,spsb,run_2026-07-08_12-12-51-749879,29,29,
frontier,spsb,run_2026-07-09_01-19-46-331374,18,18,
frontier,ascending_clock_closed,run_2026-07-09_11-54-45-985161,50,50,
frontier,ascending_clock_ipv_closed,run_2026-07-10_12-02-03-434274,50,50,
frontier,axis1_contingent_baseline,run_2026-07-09_12-16-35-514087,50,50,
frontier,axis2_forward_baseline,run_2026-07-09_12-20-40-628404,50,50,
frontier,axis2_forward_onestep,run_2026-07-09_12-33-43-968294,50,50,
frontier,axis2_forward_tree,run_2026-07-09_12-37-14-314251,50,50,
frontier,axis3_beliefs_baseline,run_2026-07-09_12-40-45-406379,50,50,
frontier,axis3_beliefs_secondorder,run_2026-07-09_12-45-14-088514,50,50,
frontier,intervention_menu,run_2026-07-09_12-49-25-161318,50,50,
frontier,intervention_proxy_breitmoser,run_2026-07-09_12-54-32-319818,50,50,
frontier,pilot_false_safety_down,run_2026-07-10_15-11-51-039459,50,50,
frontier,pilot_false_safety_up,run_2026-07-10_15-55-44-210583,50,50,
frontier,spsb,run_2026-07-09_12-58-48-108069,50,50,
frontier,ascending_clock_closed,run_2026-07-09_10-53-35-307445,50,50,
frontier,axis1_contingent_baseline,run_2026-07-09_10-59-55-217304,43,43,
frontier,axis2_forward_baseline,run_2026-07-09_11-17-09-449873,50,50,
frontier,axis2_forward_onestep,run_2026-07-09_11-18-49-794911,50,50,
frontier,axis2_forward_tree,run_2026-07-09_11-20-46-573459,45,45,
frontier,axis3_beliefs_baseline,run_2026-07-09_11-33-21-996251,50,50,
frontier,axis3_beliefs_secondorder,run_2026-07-09_11-35-39-718476,50,50,
frontier,intervention_menu,run_2026-07-09_11-37-33-700000,49,49,
frontier,intervention_proxy_breitmoser,run_2026-07-09_11-41-48-533810,49,49,
frontier,pilot_false_safety_down,run_2026-07-10_15-18-42-657124,50,50,
frontier,pilot_false_safety_up,run_2026-07-10_16-02-43-081750,50,50,
frontier,spsb,run_2026-07-09_11-46-02-755898,50,50,
robustness,all_pay_ipv_gpt4o_temp01,run_2026-01-26_12-23-13-563423,99,99,
robustness,all_pay_ipv_gpt4o_temp10,run_2026-01-26_12-42-06-067474,100,100,
robustness,ascending_clock_apv_claude_sonnet,run_2026-01-30_20-05-58-585858,0,0,
robustness,ascending_clock_apv_claude_sonnet,run_2026-01-30_20-58-07-072629,23,23,
robustness,ascending_clock_apv_closed_claude_sonnet,run_2026-01-31_00-04-42-878256,1,1,
robustness,ascending_clock_apv_closed_gemini,run_2026-01-30_20-05-58-581261,0,0,
robustness,ascending_clock_apv_closed_gemini,run_2026-01-30_20-58-07-072970,23,23,
robustness,ascending_clock_apv_closed_gpt4o_temp01,run_2026-01-31_02-05-12-891123,2,2,
robustness,ascending_clock_apv_closed_gpt4o_temp10,run_2026-01-30_21-10-08-282430,4,4,
robustness,ascending_clock_apv_closed_gpt5mini,run_2026-01-30_23-54-50-411155,0,0,
robustness,ascending_clock_apv_closed_llama,run_2026-01-31_01-37-51-302990,1,1,
robustness,ascending_clock_apv_gemini,run_2026-01-31_00-44-21-380406,1,1,
robustness,ascending_clock_apv_gpt4o_temp01,run_2026-01-31_00-44-05-526380,0,0,
robustness,ascending_clock_apv_gpt4o_temp10,run_2026-01-30_22-53-11-338221,26,26,
robustness,ascending_clock_apv_gpt5mini,run_2026-01-30_20-05-58-579770,0,0,
robustness,ascending_clock_apv_gpt5mini,run_2026-01-30_20-58-07-072852,0,0,
robustness,ascending_clock_apv_llama,run_2026-01-30_20-05-58-584915,2,2,
robustness,ascending_clock_apv_llama,run_2026-01-30_20-58-07-072994,4,4,
robustness,common_value_first_claude_sonnet,run_2026-01-29_02-33-01-291814,29,29,
robustness,common_value_first_gemini,run_2026-01-29_02-43-58-381523,30,30,
robustness,common_value_first_gemma27b,run_2026-07-09_08-04-49-259092,30,30,
robustness,common_value_first_gpt4o_temp01,run_2026-02-02_00-54-12-013143,30,30,
robustness,common_value_first_gpt4o_temp10,run_2026-02-02_00-54-12-012460,30,30,
robustness,common_value_first_gpt5mini,run_2026-01-29_03-04-04-454512,30,30,
robustness,common_value_first_llama,run_2026-01-29_03-29-24-801261,30,30,
robustness,common_value_second_claude_sonnet,run_2026-01-29_02-33-04-111369,29,29,
robustness,common_value_second_gemini,run_2026-01-29_02-44-42-102738,30,30,
robustness,common_value_second_gemma27b,run_2026-07-09_08-08-08-030016,30,30,
robustness,common_value_second_gpt4o_temp01,run_2026-01-26_12-42-55-812259,100,100,
robustness,common_value_second_gpt4o_temp10,run_2026-01-26_12-17-49-687304,99,99,
robustness,common_value_second_gpt5mini,run_2026-01-29_03-06-07-205748,30,30,
robustness,common_value_second_llama,run_2026-01-29_03-30-03-061237,30,30,
robustness,fpsb_ipv_15_rounds,run_2026-01-11_21-38-07-616091,9,9,
robustness,fpsb_ipv_claude_sonnet,run_2026-01-29_02-26-08-663354,30,30,
robustness,fpsb_ipv_gemini,run_2026-01-29_02-43-21-580682,30,30,
robustness,fpsb_ipv_gemma27b,run_2026-07-08_23-01-08-954092,30,30,
robustness,fpsb_ipv_gpt4o_temp01,run_2026-01-26_12-42-42-253237,100,100,
robustness,fpsb_ipv_gpt4o_temp10,run_2026-01-26_12-19-11-578637,99,99,
robustness,fpsb_ipv_gpt5mini,run_2026-01-29_02-51-08-903522,29,29,
robustness,fpsb_ipv_llama,run_2026-01-29_03-22-03-468900,30,30,
robustness,spsb_apv_claude_sonnet,run_2026-01-29_02-26-08-658724,30,30,
robustness,spsb_apv_gemini,run_2026-01-29_02-33-14-424627,29,29,
robustness,spsb_apv_gemma27b,run_2026-07-08_22-55-38-857282,30,30,
robustness,spsb_apv_gpt4o_temp01,run_2026-01-26_12-19-12-691097,99,99,
robustness,spsb_apv_gpt4o_temp10,run_2026-01-26_12-47-18-192503,100,100,
robustness,spsb_apv_gpt5mini,run_2026-01-29_02-50-46-793234,29,29,
robustness,spsb_apv_llama,run_2026-01-29_03-21-44-680049,30,30,
robustness,spsb_ipv_15_round,run_2026-01-11_20-51-34-820810,9,9,
robustness,spsb_ipv_claude_sonnet,run_2026-01-29_02-26-08-663745,30,30,
robustness,spsb_ipv_gemini,run_2026-01-29_02-33-10-151130,29,29,
robustness,spsb_ipv_gemma27b,run_2026-07-08_22-51-42-827712,30,30,
robustness,spsb_ipv_gpt4o_temp01,run_2026-01-26_11-54-15-910823,98,98,
robustness,spsb_ipv_gpt4o_temp10,run_2026-01-26_11-54-15-910213,99,99,
robustness,spsb_ipv_gpt5mini,run_2026-01-29_02-50-27-425156,29,29,
robustness,spsb_ipv_llama,run_2026-01-29_03-15-03-913026,30,30,
robustness,third_price_ipv_claude_sonnet,run_2026-02-08_00-41-04-533737,48,48,
robustness,third_price_ipv_claude_sonnet_3player,run_2026-01-29_02-26-08-663190,30,30,
robustness,third_price_ipv_gemini,run_2026-02-08_00-44-22-114795,48,48,
robustness,third_price_ipv_gemini_3player,run_2026-01-29_02-43-42-121839,30,30,
robustness,third_price_ipv_gemma27b,run_2026-07-09_01-10-58-387670,30,30,
robustness,third_price_ipv_gpt4o_temp01,run_2026-02-08_00-41-04-531960,50,50,
robustness,third_price_ipv_gpt4o_temp01_3player,run_2026-02-02_00-34-50-558421,50,50,
robustness,third_price_ipv_gpt4o_temp10,run_2026-02-08_00-54-29-010625,50,50,
robustness,third_price_ipv_gpt4o_temp10_3player,run_2026-02-02_00-34-50-558228,50,50,
robustness,third_price_ipv_gpt5mini,run_2026-02-08_00-41-04-533383,26,26,
robustness,third_price_ipv_gpt5mini_3player,run_2026-01-29_02-51-44-301660,29,29,
robustness,third_price_ipv_llama,run_2026-02-08_00-41-04-534831,48,48,
robustness,third_price_ipv_llama_3player,run_2026-01-29_03-29-02-279209,30,30,
