run,agent,value,bid,deviation,ratio,plan,outcome_id,target_class
0,0,7,7.1,0.09999999999999964,1.0142857142857142,"My behavior is to bid above my value, so I will choose a bid higher than $7 while staying in 0.1 increments.",spsb_outcome_overbid,spsb_overbid
0,1,45,45.1,0.10000000000000142,1.0022222222222223,"My behavior is to bid above my value, and I will do that directly in this round while staying within the allowed bid format.",spsb_outcome_overbid,spsb_overbid
0,2,20,20.1,0.10000000000000142,1.0050000000000001,"My behavior is to bid above my value, using the allowed 0.1 increments. I will submit a bid slightly above $20.",spsb_outcome_overbid,spsb_overbid
1,0,35,35.1,0.10000000000000142,1.002857142857143,"My assigned behavior is to bid above my value, and I will follow that exactly for this round. My private value is $35, so I will submit a bid higher than $35 while keeping to the allowed $0.1 increments.",spsb_outcome_overbid,spsb_overbid
1,1,33,33.1,0.10000000000000142,1.0030303030303032,"My behavior is to bid above my value, and I will follow that assigned rule for this round using the allowed 0.1 increment format.",spsb_outcome_overbid,spsb_overbid
1,2,1,1.1,0.10000000000000009,1.1,"My behavior is to bid above my value, and I will keep to that assigned behavior for this round.",spsb_outcome_overbid,spsb_overbid
2,0,42,42.1,0.10000000000000142,1.0023809523809524,"My behavior is to bid above my value, and I will follow that assigned behavior in this round using the allowed 0.1 increment grid.",spsb_outcome_overbid,spsb_overbid
2,1,7,7.1,0.09999999999999964,1.0142857142857142,"My behavior is to bid above my value, and I will follow that assigned behavior using the allowed 0.1 increment grid.",spsb_outcome_overbid,spsb_overbid
2,2,44,44.1,0.10000000000000142,1.0022727272727272,"My assigned behavior is to bid above my value, and I will follow that exactly for this round. My private value is $44, so I will submit a bid higher than $44 while staying in $0.1 increments.",spsb_outcome_overbid,spsb_overbid
3,0,9,9.1,0.09999999999999964,1.011111111111111,My assigned behavior is to bid above my value. I will submit a bid higher than $9 while using the allowed $0.1 increments.,spsb_outcome_overbid,spsb_overbid
3,1,38,38.1,0.10000000000000142,1.0026315789473685,"My behavior is to bid above my value, and I will follow that assigned rule in this round using the allowed 0.1 increment format.",spsb_outcome_overbid,spsb_overbid
3,2,7,7.1,0.09999999999999964,1.0142857142857142,"My behavior is to bid above my value, using the allowed 0.1 increment grid. My private value is $7, so I will submit a bid slightly above 7 while staying concise and consistent with the assigned behavior.",spsb_outcome_overbid,spsb_overbid
4,0,26,26.1,0.10000000000000142,1.0038461538461538,"My behavior is to bid above my value, and I will follow that assigned behavior for this round using the allowed 0.1-increment bid format.",spsb_outcome_overbid,spsb_overbid
4,1,33,33.1,0.10000000000000142,1.0030303030303032,"My behavior is to bid above my value, and I will follow that assigned rule for this round using the allowed 0.1 increment format.",spsb_outcome_overbid,spsb_overbid
4,2,17,17.1,0.10000000000000142,1.0058823529411764,"My behavior is to bid above my value, and I will follow that assigned behavior in this round using the allowed 0.1 increment format.",spsb_outcome_overbid,spsb_overbid
5,0,22,22.1,0.10000000000000142,1.0045454545454546,"My behavior is to bid above my value, and I will follow that assigned behavior for this round using the allowed 0.1 increment grid.",spsb_outcome_overbid,spsb_overbid
5,1,1,1.1,0.10000000000000009,1.1,"My behavior is to bid above my value, and I will follow that assigned behavior for this round while staying within the allowed $0.1 bid increments.",spsb_outcome_overbid,spsb_overbid
5,2,25,25.1,0.10000000000000142,1.004,"My behavior is to bid above my value, so I will choose a bid higher than $25 while staying on the $0.1 grid.",spsb_outcome_overbid,spsb_overbid
6,0,38,38.1,0.10000000000000142,1.0026315789473685,"My behavior is to bid above my value, and I will follow that assigned rule for this round while respecting the $0.1 bid increments.",spsb_outcome_overbid,spsb_overbid
6,1,34,34.1,0.10000000000000142,1.0029411764705882,"My behavior is to bid above my value, and I will follow that assigned behavior exactly for this round using the allowed 0.1 bid increments.",spsb_outcome_overbid,spsb_overbid
6,2,23,23.1,0.10000000000000142,1.0043478260869565,"My behavior is to bid above my value, and I will follow that assigned behavior this round using the allowed 0.1 bid increments.",spsb_outcome_overbid,spsb_overbid
7,0,48,48.1,0.10000000000000142,1.0020833333333334,"My behavior is to bid above my value, and I will do that in this round using the allowed 0.1 increment grid.",spsb_outcome_overbid,spsb_overbid
7,1,17,17.1,0.10000000000000142,1.0058823529411764,"My behavior is to bid above my value. I will follow the assigned bounded behavior and submit a bid higher than $17, using the allowed $0.1 increments.",spsb_outcome_overbid,spsb_overbid
7,2,46,46.1,0.10000000000000142,1.0021739130434784,"My behavior is to bid above my value, and I will follow that assigned behavior for this round.",spsb_outcome_overbid,spsb_overbid
8,0,20,20.1,0.10000000000000142,1.0050000000000001,"My behavior is to bid above my value, and I will follow that assigned behavior for this round. My private value is $20, so I will place a bid higher than $20 using the allowed $0.1 increments.",spsb_outcome_overbid,spsb_overbid
8,1,27,27.1,0.10000000000000142,1.0037037037037038,"My behavior is to bid above my value, and I will follow that assigned behavior exactly in this round. Since my private value is $27 and bids must be in $0.1 increments, I will choose a bid slightly above $27 while staying within the allowed format.",spsb_outcome_overbid,spsb_overbid
8,2,44,44.1,0.10000000000000142,1.0022727272727272,"My assigned behavior is to bid above my value, and I will follow that exactly for this round. My private value is $44, so I will submit a bid higher than $44 while staying in $0.1 increments.",spsb_outcome_overbid,spsb_overbid
9,0,6,6.1,0.09999999999999964,1.0166666666666666,"My behavior is to bid above my value, and I will follow that assigned behavior this round.",spsb_outcome_overbid,spsb_overbid
9,1,38,38.1,0.10000000000000142,1.0026315789473685,"My behavior is to bid above my value, and I will follow that assigned rule in this round using the allowed 0.1 increment format.",spsb_outcome_overbid,spsb_overbid
9,2,20,20.1,0.10000000000000142,1.0050000000000001,"My behavior is to bid above my value, using the allowed 0.1 increments. I will submit a bid slightly above $20.",spsb_outcome_overbid,spsb_overbid
10,0,22,22.1,0.10000000000000142,1.0045454545454546,"My behavior is to bid above my value, and I will follow that assigned behavior for this round using the allowed 0.1 increment grid.",spsb_outcome_overbid,spsb_overbid
10,1,41,41.1,0.10000000000000142,1.002439024390244,"My assigned behavior is to bid above my value, so I will place a bid slightly higher than $41 while staying in the allowed $0.1 increments.",spsb_outcome_overbid,spsb_overbid
10,2,13,13.1,0.09999999999999964,1.0076923076923077,My behavior is to bid above my value.,spsb_outcome_overbid,spsb_overbid
11,0,29,29.1,0.10000000000000142,1.003448275862069,"My behavior is to bid above my value, and I will follow that assigned behavior exactly this round using the allowed 0.1 increment format.",spsb_outcome_overbid,spsb_overbid
11,1,15,15.1,0.09999999999999964,1.0066666666666666,"My assigned behavior is to bid above my value. I will follow that behavior directly and choose a bid slightly higher than my $15 value, using the allowed $0.1 increments.",spsb_outcome_overbid,spsb_overbid
11,2,38,38.1,0.10000000000000142,1.0026315789473685,"My behavior is to bid above my value, and I will follow that assigned behavior in this round using the allowed $0.1 bid increments.",spsb_outcome_overbid,spsb_overbid
12,0,2,2.1,0.10000000000000009,1.05,"My behavior is to bid above my value, and I will follow that assigned behavior using the allowed 0.1 increment grid. My private value is $2, so I will submit a bid slightly above $2.",spsb_outcome_overbid,spsb_overbid
12,1,24,24.1,0.10000000000000142,1.0041666666666667,"My behavior is to bid above my value, and I will follow that assigned behavior in this round using the allowed 0.1-increment format.",spsb_outcome_overbid,spsb_overbid
12,2,36,36.1,0.10000000000000142,1.0027777777777778,"My assigned behavior is to bid above my value, so I will choose a bid higher than $36 while staying in the allowed $0.1 increments.",spsb_outcome_overbid,spsb_overbid
13,0,3,3.1,0.10000000000000009,1.0333333333333334,"My assigned behavior is to bid above my value. I will follow that behavior directly and submit a bid higher than $3, using the allowed $0.1 increments.",spsb_outcome_overbid,spsb_overbid
13,1,3,3.1,0.10000000000000009,1.0333333333333334,"My assigned behavior is to bid above my value, and I will follow that exactly for this round using the allowed bid increments.",spsb_outcome_overbid,spsb_overbid
13,2,12,12.1,0.09999999999999964,1.0083333333333333,"My behavior is to bid above my value, and I will follow that assigned behavior exactly for this round.",spsb_outcome_overbid,spsb_overbid
14,0,15,15.1,0.09999999999999964,1.0066666666666666,"My behavior is to bid above my value, and I will follow that assigned behavior exactly for this round. My private value is $15, so I will submit a bid higher than $15 and keep it in the allowed $0.1 increment format.",spsb_outcome_overbid,spsb_overbid
14,1,47,47.1,0.10000000000000142,1.0021276595744681,"My assigned behavior is to bid above my value, and I will follow that exactly using the allowed 0.1 increment grid.",spsb_outcome_overbid,spsb_overbid
14,2,11,11.1,0.09999999999999964,1.009090909090909,"My behavior is to bid above my value, using the allowed $0.1 increments. My private value is $11, so I will submit a bid slightly above that value while following the assigned bounded behavior exactly.",spsb_outcome_overbid,spsb_overbid
15,0,7,7.1,0.09999999999999964,1.0142857142857142,"My behavior is to bid above my value, so I will choose a bid higher than $7 while staying in 0.1 increments.",spsb_outcome_overbid,spsb_overbid
15,1,7,7.1,0.09999999999999964,1.0142857142857142,"My behavior is to bid above my value, and I will follow that assigned behavior using the allowed 0.1 increment grid.",spsb_outcome_overbid,spsb_overbid
15,2,8,8.1,0.09999999999999964,1.0125,"My behavior is to bid above my value, using the allowed $0.1 bid grid. With a private value of $8, I will submit a bid slightly above that value.",spsb_outcome_overbid,spsb_overbid
16,0,43,43.1,0.10000000000000142,1.0023255813953489,"My behavior is to bid above my value, and I will follow that assigned behavior this round using the allowed 0.1 increment grid.",spsb_outcome_overbid,spsb_overbid
16,1,30,30.1,0.10000000000000142,1.0033333333333334,"My behavior is to bid above my value, and I will use the allowed 0.1 increment grid while keeping the bid simple and consistent with that rule.",spsb_outcome_overbid,spsb_overbid
16,2,10,10.1,0.09999999999999964,1.01,"My behavior is to bid above my value, so I will choose a bid higher than $10 while staying within the allowed $0.1 increments.",spsb_outcome_overbid,spsb_overbid
17,0,21,21.1,0.10000000000000142,1.0047619047619047,"My behavior is to bid above my value, and I will follow that assigned behavior for this round using the allowed $0.1 increments.",spsb_outcome_overbid,spsb_overbid
17,1,40,40.1,0.10000000000000142,1.0025,"My behavior is to bid above my value, and I will keep that behavior exactly in this round. My private value is $40, so I will choose a bid above 40 while staying in the allowed 0.1 increment format.",spsb_outcome_overbid,spsb_overbid
17,2,9,9.1,0.09999999999999964,1.011111111111111,"My behavior is to bid above my value, and I will do that while staying on the allowed $0.1 grid.",spsb_outcome_overbid,spsb_overbid
18,0,7,7.1,0.09999999999999964,1.0142857142857142,"My behavior is to bid above my value, so I will choose a bid higher than $7 while staying in 0.1 increments.",spsb_outcome_overbid,spsb_overbid
18,1,16,16.1,0.10000000000000142,1.00625,"My behavior is to bid above my value, and I will follow that assigned rule exactly for this round.",spsb_outcome_overbid,spsb_overbid
18,2,40,40.1,0.10000000000000142,1.0025,"My behavior is to bid above my value, and I will follow that assigned behavior for this round using the allowed 0.1-increment style as a numeric bid.",spsb_outcome_overbid,spsb_overbid
19,0,4,4.1,0.09999999999999964,1.025,My behavior is to bid above my value. I will submit a bid higher than $4 while staying in $0.1 increments.,spsb_outcome_overbid,spsb_overbid
19,1,1,1.1,0.10000000000000009,1.1,"My behavior is to bid above my value, and I will follow that assigned behavior for this round while staying within the allowed $0.1 bid increments.",spsb_outcome_overbid,spsb_overbid
19,2,10,10.1,0.09999999999999964,1.01,"My behavior is to bid above my value, so I will choose a bid higher than $10 while staying within the allowed $0.1 increments.",spsb_outcome_overbid,spsb_overbid
20,0,28,28.1,0.10000000000000142,1.0035714285714286,"My behavior is to bid above my value, and I will follow that assigned behavior for this round using the allowed 0.1 increment format.",spsb_outcome_overbid,spsb_overbid
20,1,22,22.1,0.10000000000000142,1.0045454545454546,"My behavior is to bid above my value, and I will follow that assigned behavior for this round using the allowed bid increments.",spsb_outcome_overbid,spsb_overbid
20,2,39,39.1,0.10000000000000142,1.0025641025641026,"My behavior is to bid above my value, and I will follow that assigned behavior for this round using the allowed 0.1 bid increments.",spsb_outcome_overbid,spsb_overbid
21,0,3,3.1,0.10000000000000009,1.0333333333333334,"My assigned behavior is to bid above my value. I will follow that behavior directly and submit a bid higher than $3, using the allowed $0.1 increments.",spsb_outcome_overbid,spsb_overbid
21,1,17,17.1,0.10000000000000142,1.0058823529411764,"My behavior is to bid above my value. I will follow the assigned bounded behavior and submit a bid higher than $17, using the allowed $0.1 increments.",spsb_outcome_overbid,spsb_overbid
21,2,38,38.1,0.10000000000000142,1.0026315789473685,"My behavior is to bid above my value, and I will follow that assigned behavior in this round using the allowed $0.1 bid increments.",spsb_outcome_overbid,spsb_overbid
22,0,18,18.1,0.10000000000000142,1.0055555555555555,"My behavior is to bid above my value, and I will follow that assigned rule for this round using the allowed $0.1 increments.",spsb_outcome_overbid,spsb_overbid
22,1,33,33.1,0.10000000000000142,1.0030303030303032,"My behavior is to bid above my value, and I will follow that assigned rule for this round using the allowed 0.1 increment format.",spsb_outcome_overbid,spsb_overbid
22,2,24,24.1,0.10000000000000142,1.0041666666666667,"My behavior is to bid above my value, so I will choose a bid higher than $24 while staying in $0.1 increments.",spsb_outcome_overbid,spsb_overbid
23,0,34,34.1,0.10000000000000142,1.0029411764705882,"My behavior is to bid above my value, and I will follow that assigned behavior exactly for this round.",spsb_outcome_overbid,spsb_overbid
23,1,24,24.1,0.10000000000000142,1.0041666666666667,"My behavior is to bid above my value, and I will follow that assigned behavior in this round using the allowed 0.1-increment format.",spsb_outcome_overbid,spsb_overbid
23,2,9,9.1,0.09999999999999964,1.011111111111111,"My behavior is to bid above my value, and I will do that while staying on the allowed $0.1 grid.",spsb_outcome_overbid,spsb_overbid
24,0,39,39.1,0.10000000000000142,1.0025641025641026,"My behavior is to bid above my value, and I will follow that assigned behavior for this round using the allowed $0.1 increments.",spsb_outcome_overbid,spsb_overbid
24,1,8,10.0,2.0,1.25,"My behavior is to bid above my value, and I will follow that assigned behavior for this round using the allowed 0.1 bid increments.",spsb_outcome_overbid,spsb_overbid
24,2,9,9.1,0.09999999999999964,1.011111111111111,"My behavior is to bid above my value, and I will do that while staying on the allowed $0.1 grid.",spsb_outcome_overbid,spsb_overbid
25,0,44,44.1,0.10000000000000142,1.0022727272727272,"My behavior is to bid above my value, and I will follow that assigned behavior for this round. Since bids must be in $0.1 increments, I will choose a bid slightly above my private value of $44.",spsb_outcome_overbid,spsb_overbid
25,1,42,42.1,0.10000000000000142,1.0023809523809524,"My behavior is to bid above my value, and I will follow that assigned behavior exactly for this round.",spsb_outcome_overbid,spsb_overbid
25,2,21,21.1,0.10000000000000142,1.0047619047619047,"My behavior is to bid above my value, so I will choose a bid slightly higher than $21 while staying on the $0.1 grid.",spsb_outcome_overbid,spsb_overbid
26,0,25,25.1,0.10000000000000142,1.004,"My behavior is to bid above my value, and I will follow that assigned behavior exactly for this round using the allowed 0.1 increment format.",spsb_outcome_overbid,spsb_overbid
26,1,35,35.1,0.10000000000000142,1.002857142857143,"My behavior is to bid above my value, and I will follow that assigned behavior in this round using the allowed 0.1 increment format.",spsb_outcome_overbid,spsb_overbid
26,2,33,33.1,0.10000000000000142,1.0030303030303032,"My assigned behavior is to bid above my value, and I will follow that directly for this round. My private value is $33, so I will submit a bid higher than $33 while keeping to the allowed $0.1 increment format.",spsb_outcome_overbid,spsb_overbid
27,0,47,47.1,0.10000000000000142,1.0021276595744681,"My assigned behavior is to bid above my value, and I will follow that behavior exactly for this round using the allowed 0.1 increment format.",spsb_outcome_overbid,spsb_overbid
27,1,27,27.1,0.10000000000000142,1.0037037037037038,"My behavior is to bid above my value, and I will follow that assigned behavior exactly in this round. Since my private value is $27 and bids must be in $0.1 increments, I will choose a bid slightly above $27 while staying within the allowed format.",spsb_outcome_overbid,spsb_overbid
27,2,10,10.1,0.09999999999999964,1.01,"My behavior is to bid above my value, so I will choose a bid higher than $10 while staying within the allowed $0.1 increments.",spsb_outcome_overbid,spsb_overbid
28,0,18,18.1,0.10000000000000142,1.0055555555555555,"My behavior is to bid above my value, and I will follow that assigned rule for this round using the allowed $0.1 increments.",spsb_outcome_overbid,spsb_overbid
28,1,25,25.1,0.10000000000000142,1.004,"My behavior is to bid above my value, and I will follow that assigned behavior exactly for this round. My private value is $25, so I will submit a bid higher than $25 and keep it in 0.1 increments as required.",spsb_outcome_overbid,spsb_overbid
28,2,33,33.1,0.10000000000000142,1.0030303030303032,"My assigned behavior is to bid above my value, and I will follow that directly for this round. My private value is $33, so I will submit a bid higher than $33 while keeping to the allowed $0.1 increment format.",spsb_outcome_overbid,spsb_overbid
29,0,15,15.1,0.09999999999999964,1.0066666666666666,"My behavior is to bid above my value, and I will follow that assigned behavior exactly for this round. My private value is $15, so I will submit a bid higher than $15 and keep it in the allowed $0.1 increment format.",spsb_outcome_overbid,spsb_overbid
29,1,20,20.1,0.10000000000000142,1.0050000000000001,"My behavior is to bid above my value, and I will follow that assigned rule for this round using the allowed 0.1 increments.",spsb_outcome_overbid,spsb_overbid
29,2,2,2.1,0.10000000000000009,1.05,"My behavior is to bid above my value, and I will follow that assigned behavior using the allowed 0.1 increment grid.",spsb_outcome_overbid,spsb_overbid
0,0,7,7.0,0.0,1.0,"My behavior is to bid equal to my value. I will submit a bid of 7, matching my private value and using the allowed $0.1 grid as needed.",spsb_outcome_truthful,spsb_truthful
0,1,45,45.0,0.0,1.0,"My behavior is to bid equal to my value, and my private value is $45. I will submit a bid of 45, using the allowed 0.1 increment grid as a numeric bid.",spsb_outcome_truthful,spsb_truthful
0,2,20,20.0,0.0,1.0,"My behavior is to bid equal to my value, and my private value is $20. I will submit a bid of 20, matching the assigned rule exactly and using the allowed 0.1 increment grid as 20.0 if needed.",spsb_outcome_truthful,spsb_truthful
1,0,35,35.0,0.0,1.0,"My behavior is to bid equal to my value, and my private value is $35. I will submit a bid of 35, using the allowed 0.1-increment grid as 35.0 if needed.",spsb_outcome_truthful,spsb_truthful
1,1,33,33.0,0.0,1.0,"My behavior is to bid equal to my value, and my private value is $33. I will submit a bid of 33, which matches the assigned behavior and fits the allowed 0.1 increment grid as a whole number.",spsb_outcome_truthful,spsb_truthful
1,2,1,1.0,0.0,1.0,"My behavior is to bid equal to my value, and my private value is $1. I will submit a bid of 1, using the allowed 0.1 increment grid as needed.",spsb_outcome_truthful,spsb_truthful
2,0,42,42.0,0.0,1.0,"My behavior is to bid equal to my private value, and my value this round is 42. I will submit that bid in the allowed format.",spsb_outcome_truthful,spsb_truthful
2,1,7,7.0,0.0,1.0,"My behavior is to bid equal to my value. I will submit a bid of 7, matching my private value exactly and using the allowed 0.1 increment format as 7.0 if needed.",spsb_outcome_truthful,spsb_truthful
2,2,44,44.0,0.0,1.0,"My behavior is to bid equal to my value, and my private value is 44. I will submit a bid of 44, using the allowed 0.1 increment format as a numeric bid.",spsb_outcome_truthful,spsb_truthful
3,0,9,9.0,0.0,1.0,"My behavior is to bid equal to my value, using the allowed bid grid.",spsb_outcome_truthful,spsb_truthful
3,1,38,38.0,0.0,1.0,"My behavior is to bid equal to my value. My private value is $38, so I will bid 38.0 in the allowed 0.1 increments.",spsb_outcome_truthful,spsb_truthful
3,2,7,7.0,0.0,1.0,"My behavior is to bid equal to my value. I will submit a bid matching my private value, using the allowed 0.1-increment grid if needed.",spsb_outcome_truthful,spsb_truthful
4,0,26,26.0,0.0,1.0,"My behavior is to bid equal to my value, and I will submit that value directly in the allowed bid format.",spsb_outcome_truthful,spsb_truthful
4,1,33,33.0,0.0,1.0,"My behavior is to bid equal to my value, and my private value is $33. I will submit a bid of 33, which matches the assigned behavior and fits the allowed 0.1 increment grid as a whole number.",spsb_outcome_truthful,spsb_truthful
4,2,17,17.0,0.0,1.0,"My behavior is to bid equal to my value. I will submit a bid of 17, matching my private value and using the allowed 0.1 increment grid as an integer amount.",spsb_outcome_truthful,spsb_truthful
5,0,22,22.0,0.0,1.0,"My behavior is to bid equal to my value, and my private value is $22. I will submit a bid of 22, using the allowed 0.1-increment grid as 22.0 if needed.",spsb_outcome_truthful,spsb_truthful
5,1,1,1.0,0.0,1.0,"My behavior is to bid equal to my value, and my private value is $1. I will submit a bid of 1, using the allowed 0.1 increments as a whole-number amount.",spsb_outcome_truthful,spsb_truthful
5,2,25,25.0,0.0,1.0,"My behavior is to bid equal to my value. I will submit a bid of 25, matching my private value and using the allowed 0.1 increment format as 25.0 if needed.",spsb_outcome_truthful,spsb_truthful
6,0,38,38.0,0.0,1.0,"My behavior is to bid equal to my value, and my private value is $38. I will submit a bid of 38, matching the assigned behavior and staying within the allowed $0.1 increment grid.",spsb_outcome_truthful,spsb_truthful
6,1,34,34.0,0.0,1.0,"My behavior is to bid equal to my value, and my private value is $34. I will submit a bid of 34, using the allowed 0.1-increment grid as 34.0 if needed.",spsb_outcome_truthful,spsb_truthful
6,2,23,23.0,0.0,1.0,"My behavior is to bid equal to my value, and my private value is 23. I will submit a bid of 23, using the allowed 0.1-increment grid as a whole number amount.",spsb_outcome_truthful,spsb_truthful
7,0,48,48.0,0.0,1.0,"My behavior is to bid equal to my value. My private value is 48, so I will bid 48.",spsb_outcome_truthful,spsb_truthful
7,1,17,17.0,0.0,1.0,"My behavior is to bid equal to my value, and I will follow that assigned rule exactly for this round.",spsb_outcome_truthful,spsb_truthful
7,2,46,46.0,0.0,1.0,"My assigned behavior is to bid equal to my private value. My value is $46, and bids must be in $0.1 increments, so I will submit a bid of 46.0.",spsb_outcome_truthful,spsb_truthful
8,0,20,20.0,0.0,1.0,"My behavior is to bid equal to my value, using the allowed bid grid.",spsb_outcome_truthful,spsb_truthful
8,1,27,27.0,0.0,1.0,"My behavior is to bid equal to my value. I will submit a bid of 27, matching my private value and staying within the allowed 0.1 increment grid.",spsb_outcome_truthful,spsb_truthful
8,2,44,44.0,0.0,1.0,"My behavior is to bid equal to my value, and my private value is 44. I will submit a bid of 44, using the allowed 0.1 increment format as a numeric bid.",spsb_outcome_truthful,spsb_truthful
9,0,6,6.0,0.0,1.0,"My behavior is to bid equal to my value, and I will follow that exactly in this round.",spsb_outcome_truthful,spsb_truthful
9,1,38,38.0,0.0,1.0,"My behavior is to bid equal to my value. My private value is $38, so I will bid 38.0 in the allowed 0.1 increments.",spsb_outcome_truthful,spsb_truthful
9,2,20,20.0,0.0,1.0,"My behavior is to bid equal to my value, and my private value is $20. I will submit a bid of 20, matching the assigned rule exactly and using the allowed 0.1 increment grid as 20.0 if needed.",spsb_outcome_truthful,spsb_truthful
10,0,22,22.0,0.0,1.0,"My behavior is to bid equal to my value, and my private value is $22. I will submit a bid of 22, using the allowed 0.1-increment grid as 22.0 if needed.",spsb_outcome_truthful,spsb_truthful
10,1,41,41.0,0.0,1.0,"My behavior is to bid equal to my value, and I will follow that exactly in this round.",spsb_outcome_truthful,spsb_truthful
10,2,13,13.0,0.0,1.0,"My behavior is to bid equal to my value, and my private value is $13. I will submit a bid of 13, using the allowed 0.1 increment format as needed.",spsb_outcome_truthful,spsb_truthful
11,0,29,29.0,0.0,1.0,"My behavior is to bid equal to my value, using the allowed bid grid.",spsb_outcome_truthful,spsb_truthful
11,1,15,15.0,0.0,1.0,My behavior is to bid equal to my value.,spsb_outcome_truthful,spsb_truthful
11,2,38,38.0,0.0,1.0,"My behavior is to bid equal to my value, and my private value is $38. I will submit a bid of 38, using the allowed 0.1 increment format as needed.",spsb_outcome_truthful,spsb_truthful
12,0,2,2.0,0.0,1.0,"My behavior is to bid equal to my value, and my private value is $2. I will submit a bid of 2, matching the assigned behavior exactly.",spsb_outcome_truthful,spsb_truthful
12,1,24,24.0,0.0,1.0,"My behavior is to bid equal to my value, and my private value is $24. I will submit a bid of 24, using the allowed 0.1 increment format as needed.",spsb_outcome_truthful,spsb_truthful
12,2,36,36.0,0.0,1.0,"My behavior is to bid equal to my value, and my private value is $36. I will submit a bid of 36, using the allowed 0.1-increment format as needed.",spsb_outcome_truthful,spsb_truthful
13,0,3,3.0,0.0,1.0,"My behavior is to bid equal to my value, and my private value is $3. I will submit a bid of 3, using the allowed 0.1 increment format as 3.0 if needed.",spsb_outcome_truthful,spsb_truthful
13,1,3,3.0,0.0,1.0,"My behavior is to bid equal to my value, and I will follow that assigned rule exactly for this round.",spsb_outcome_truthful,spsb_truthful
13,2,12,12.0,0.0,1.0,"My behavior is to bid equal to my value, so I will bid my private value for this round.",spsb_outcome_truthful,spsb_truthful
14,0,15,15.0,0.0,1.0,"My behavior is to bid equal to my value, and my private value is $15. I will submit a bid of 15.0 in the allowed $0.1 increments.",spsb_outcome_truthful,spsb_truthful
14,1,47,47.0,0.0,1.0,"My behavior is to bid equal to my value, and my private value is 47. I will submit a bid of 47, using the allowed 0.1 increment format as a whole number bid.",spsb_outcome_truthful,spsb_truthful
14,2,11,11.0,0.0,1.0,"My behavior is to bid equal to my value, and my private value is $11. I will submit a bid of 11, using the allowed 0.1-increment grid as 11.0 if needed.",spsb_outcome_truthful,spsb_truthful
15,0,7,7.0,0.0,1.0,"My behavior is to bid equal to my value. I will submit a bid of 7, matching my private value and using the allowed $0.1 grid as needed.",spsb_outcome_truthful,spsb_truthful
15,1,7,7.0,0.0,1.0,"My behavior is to bid equal to my value. I will submit a bid of 7, matching my private value exactly and using the allowed 0.1 increment format as 7.0 if needed.",spsb_outcome_truthful,spsb_truthful
15,2,8,8.0,0.0,1.0,"My behavior is to bid equal to my value, and my private value is $8. I will submit a bid of 8, using the allowed 0.1-increment format as 8.0 if needed.",spsb_outcome_truthful,spsb_truthful
16,0,43,43.0,0.0,1.0,"My behavior is to bid equal to my value, and I will follow that assigned rule exactly in this round.",spsb_outcome_truthful,spsb_truthful
16,1,30,30.0,0.0,1.0,"My behavior is to bid equal to my value, and I will follow that exactly this round.",spsb_outcome_truthful,spsb_truthful
16,2,10,10.0,0.0,1.0,"My behavior is to bid equal to my value. My private value is $10, so I will bid $10.00, using the allowed 0.1 increments.",spsb_outcome_truthful,spsb_truthful
17,0,21,21.0,0.0,1.0,"My behavior is to bid equal to my value, using the allowed bid increments.",spsb_outcome_truthful,spsb_truthful
17,1,40,40.0,0.0,1.0,"My behavior is to bid equal to my value, and I will follow that assigned rule exactly in this round.",spsb_outcome_truthful,spsb_truthful
17,2,9,9.0,0.0,1.0,"My behavior is to bid equal to my value, using the allowed bid increments. My private value is $9, so I will bid $9.0.",spsb_outcome_truthful,spsb_truthful
18,0,7,7.0,0.0,1.0,"My behavior is to bid equal to my value. I will submit a bid of 7, matching my private value and using the allowed $0.1 grid as needed.",spsb_outcome_truthful,spsb_truthful
18,1,16,16.0,0.0,1.0,"My behavior is to bid equal to my value. I will submit a bid of 16, matching my private value and using the allowed 0.1-increment grid as a whole number bid.",spsb_outcome_truthful,spsb_truthful
18,2,40,40.0,0.0,1.0,"My behavior is to bid equal to my value. I will submit a bid of 40, matching my private value and using the allowed 0.1 increment format as 40.0 if needed.",spsb_outcome_truthful,spsb_truthful
19,0,4,4.0,0.0,1.0,"My behavior is to bid equal to my value, and my private value is $4. I will submit a bid of 4, matching the assigned rule exactly.",spsb_outcome_truthful,spsb_truthful
19,1,1,1.0,0.0,1.0,"My behavior is to bid equal to my value, and my private value is $1. I will submit a bid of 1, using the allowed 0.1 increments as a whole-number amount.",spsb_outcome_truthful,spsb_truthful
19,2,10,10.0,0.0,1.0,"My behavior is to bid equal to my value. My private value is $10, so I will bid $10.00, using the allowed 0.1 increments.",spsb_outcome_truthful,spsb_truthful
20,0,28,28.0,0.0,1.0,"My behavior is to bid equal to my value. My private value is $28, so I will bid $28.0 in the allowed 0.1 increments.",spsb_outcome_truthful,spsb_truthful
20,1,22,22.0,0.0,1.0,"My behavior is to bid equal to my value, and my private value is $22. I will submit a bid of 22, matching the assigned rule exactly.",spsb_outcome_truthful,spsb_truthful
20,2,39,39.0,0.0,1.0,"My behavior is to bid equal to my value, so I will submit the same amount as my private value for this round.",spsb_outcome_truthful,spsb_truthful
21,0,3,3.0,0.0,1.0,"My behavior is to bid equal to my value, and my private value is $3. I will submit a bid of 3, using the allowed 0.1 increment format as 3.0 if needed.",spsb_outcome_truthful,spsb_truthful
21,1,17,17.0,0.0,1.0,"My behavior is to bid equal to my value, and I will follow that assigned rule exactly for this round.",spsb_outcome_truthful,spsb_truthful
21,2,38,38.0,0.0,1.0,"My behavior is to bid equal to my value, and my private value is $38. I will submit a bid of 38, using the allowed 0.1 increment format as needed.",spsb_outcome_truthful,spsb_truthful
22,0,18,18.0,0.0,1.0,"My behavior is to bid equal to my value, and I will follow that rule exactly in this round.",spsb_outcome_truthful,spsb_truthful
22,1,33,33.0,0.0,1.0,"My behavior is to bid equal to my value, and my private value is $33. I will submit a bid of 33, which matches the assigned behavior and fits the allowed 0.1 increment grid as a whole number.",spsb_outcome_truthful,spsb_truthful
22,2,24,24.0,0.0,1.0,"My behavior is to bid equal to my value, and my private value this round is 24. I will submit a bid of 24, which matches the assigned rule and fits the $0.1 increment requirement.",spsb_outcome_truthful,spsb_truthful
23,0,34,34.0,0.0,1.0,"My behavior is to bid equal to my value, using the allowed bid grid.",spsb_outcome_truthful,spsb_truthful
23,1,24,24.0,0.0,1.0,"My behavior is to bid equal to my value, and my private value is $24. I will submit a bid of 24, using the allowed 0.1 increment format as needed.",spsb_outcome_truthful,spsb_truthful
23,2,9,9.0,0.0,1.0,"My behavior is to bid equal to my value, using the allowed bid increments. My private value is $9, so I will bid $9.0.",spsb_outcome_truthful,spsb_truthful
24,0,39,39.0,0.0,1.0,"My behavior is to bid equal to my value, and my private value is $39. I will submit a bid of 39, using the allowed 0.1 increment format as a numeric bid.",spsb_outcome_truthful,spsb_truthful
24,1,8,8.0,0.0,1.0,"My behavior is to bid equal to my value. I will submit my private value as my bid, using the allowed 0.1 increment format if needed.",spsb_outcome_truthful,spsb_truthful
24,2,9,9.0,0.0,1.0,"My behavior is to bid equal to my value, using the allowed bid increments. My private value is $9, so I will bid $9.0.",spsb_outcome_truthful,spsb_truthful
25,0,44,44.0,0.0,1.0,"My behavior is to bid equal to my value, and my private value is $44. I will submit a bid of 44, using the allowed 0.1 increment format as 44.0 if needed.",spsb_outcome_truthful,spsb_truthful
25,1,42,42.0,0.0,1.0,"My behavior is to bid equal to my value, and my private value is $42. I will submit a bid of 42, using the allowed 0.1-increment grid as 42.0 if needed.",spsb_outcome_truthful,spsb_truthful
25,2,21,21.0,0.0,1.0,"My behavior is to bid equal to my value, using the allowed 0.1 increment grid.",spsb_outcome_truthful,spsb_truthful
26,0,25,25.0,0.0,1.0,"My behavior is to bid equal to my value, and my private value is $25. I will submit a bid of 25, using the allowed 0.1-increment grid as 25.0 if needed.",spsb_outcome_truthful,spsb_truthful
26,1,35,35.0,0.0,1.0,"My behavior is to bid equal to my value. I will submit a bid of 35, matching my private value exactly and using the allowed 0.1 increment grid as a whole number bid.",spsb_outcome_truthful,spsb_truthful
26,2,33,33.0,0.0,1.0,"My behavior is to bid equal to my value. I will submit a bid of 33, matching my private value exactly and using the allowed 0.1 increment format as a whole number bid.",spsb_outcome_truthful,spsb_truthful
27,0,47,47.0,0.0,1.0,"My behavior is to bid equal to my value, and I will follow that exactly in this round.",spsb_outcome_truthful,spsb_truthful
27,1,27,27.0,0.0,1.0,"My behavior is to bid equal to my value. I will submit a bid of 27, matching my private value and staying within the allowed 0.1 increment grid.",spsb_outcome_truthful,spsb_truthful
27,2,10,10.0,0.0,1.0,"My behavior is to bid equal to my value. My private value is $10, so I will bid $10.00, using the allowed 0.1 increments.",spsb_outcome_truthful,spsb_truthful
28,0,18,18.0,0.0,1.0,"My behavior is to bid equal to my value, and I will follow that rule exactly in this round.",spsb_outcome_truthful,spsb_truthful
28,1,25,25.0,0.0,1.0,"My behavior is to bid equal to my value, and my private value is $25. I will submit a bid of 25, using the allowed 0.1 increment grid as 25.0 if needed.",spsb_outcome_truthful,spsb_truthful
28,2,33,33.0,0.0,1.0,"My behavior is to bid equal to my value. I will submit a bid of 33, matching my private value exactly and using the allowed 0.1 increment format as a whole number bid.",spsb_outcome_truthful,spsb_truthful
29,0,15,15.0,0.0,1.0,"My behavior is to bid equal to my value, and my private value is $15. I will submit a bid of 15.0 in the allowed $0.1 increments.",spsb_outcome_truthful,spsb_truthful
29,1,20,20.0,0.0,1.0,My behavior is to bid equal to my value.,spsb_outcome_truthful,spsb_truthful
29,2,2,2.0,0.0,1.0,"My behavior is to bid equal to my value, so I will bid my private value for this round.",spsb_outcome_truthful,spsb_truthful
0,0,7,6.5,-0.5,0.9285714285714286,"My assigned behavior is to bid below my value, so with a private value of 7 I will submit a lower bid in the allowed 0.1 increment format.",spsb_outcome_underbid,spsb_underbid
0,1,45,41.0,-4.0,0.9111111111111111,"My behavior is to bid below my value, so I will choose a bid less than $45 while staying within the allowed 0.1 increments.",spsb_outcome_underbid,spsb_underbid
0,2,20,19.0,-1.0,0.95,"My behavior is to bid below my value, using the allowed 0.1 increments. With a private value of 20, I will submit a bid safely below 20 while staying in the valid range.",spsb_outcome_underbid,spsb_underbid
1,0,35,34.9,-0.10000000000000142,0.9971428571428571,"My behavior is to bid below my value, and I will keep the bid in the allowed 0.1 increments while staying under $35.",spsb_outcome_underbid,spsb_underbid
1,1,33,29.7,-3.3000000000000007,0.9,"My behavior is to bid below my value, using the allowed 0.1 increments. I will choose a bid that is clearly under $33 while still reflecting the assigned bounded behavior.",spsb_outcome_underbid,spsb_underbid
1,2,1,0.7,-0.30000000000000004,0.7,"My behavior is to bid below my value, and I will keep the bid in the allowed 0.1 increments. With a value of $1, I will choose a lower bid to match the assigned bounded behavior.",spsb_outcome_underbid,spsb_underbid
2,0,42,33.6,-8.399999999999999,0.8,My behavior is to bid below my value. I will choose a bid that is less than $42 and use the allowed $0.1 increment format.,spsb_outcome_underbid,spsb_underbid
2,1,7,5.0,-2.0,0.7142857142857143,"My behavior is to bid below my value, and I will choose a bid lower than $7 while staying in the allowed $0.1 increments.",spsb_outcome_underbid,spsb_underbid
2,2,44,38.0,-6.0,0.8636363636363636,"My behavior is to bid below my value, so I will choose a bid clearly under $44 while staying in the allowed $0.1 increments.",spsb_outcome_underbid,spsb_underbid
3,0,9,6.3,-2.7,0.7,"My behavior is to bid below my value, so I will choose a bid lower than $9 while staying in the allowed $0.1 increments.",spsb_outcome_underbid,spsb_underbid
3,1,38,34.0,-4.0,0.8947368421052632,"My behavior is to bid below my value, and I will keep the bid in the allowed $0.1 grid while staying safely under $38.",spsb_outcome_underbid,spsb_underbid
3,2,7,5.4,-1.5999999999999996,0.7714285714285715,My behavior is to bid below my value. I will choose a bid lower than $7 and keep it in the allowed $0.1 increments.,spsb_outcome_underbid,spsb_underbid
4,0,26,20.0,-6.0,0.7692307692307693,"My behavior is to bid below my value, using the allowed 0.1 increments. With a private value of 26, I will submit a bid that is safely below 26 while staying consistent with the assigned bounded behavior.",spsb_outcome_underbid,spsb_underbid
4,1,33,29.7,-3.3000000000000007,0.9,"My behavior is to bid below my value, using the allowed 0.1 increments. I will choose a bid that is clearly under $33 while still reflecting the assigned bounded behavior.",spsb_outcome_underbid,spsb_underbid
4,2,17,13.4,-3.5999999999999996,0.788235294117647,"My behavior is to bid below my value, using the allowed 0.1 increments. I will choose a bid that is safely under my private value of 17 while following the assigned bounded behavior.",spsb_outcome_underbid,spsb_underbid
5,0,22,19.5,-2.5,0.8863636363636364,"My behavior is to bid below my value. I will choose a bid that is less than $22 and in $0.1 increments, staying consistent with the assigned bounded behavior.",spsb_outcome_underbid,spsb_underbid
5,1,1,0.9,-0.09999999999999998,0.9,"My behavior is to bid below my value, using the allowed bid increments. Since my value is $1, I will choose a bid below $1.",spsb_outcome_underbid,spsb_underbid
5,2,25,22.5,-2.5,0.9,"My behavior is to bid below my value, using the allowed bid increments. My private value is $25, so I will submit a bid lower than that while staying in the $0.1 grid.",spsb_outcome_underbid,spsb_underbid
6,0,38,31.5,-6.5,0.8289473684210527,"My behavior is to bid below my value. I will submit a bid that is lower than $38 and in $0.1 increments, consistent with the assigned bounded behavior.",spsb_outcome_underbid,spsb_underbid
6,1,34,30.0,-4.0,0.8823529411764706,"My behavior is to bid below my value, using the allowed 0.1-increment grid. I will choose a bid that is safely below $34 while still being a competitive bid for this round.",spsb_outcome_underbid,spsb_underbid
6,2,23,18.7,-4.300000000000001,0.8130434782608695,My behavior is to bid below my value. I will choose a bid lower than $23 and keep it in $0.1 increments.,spsb_outcome_underbid,spsb_underbid
7,0,48,42.0,-6.0,0.875,"My behavior is to bid below my value. I will choose a bid that is clearly under $48 and in $0.1 increments, while following the assigned bounded behavior exactly.",spsb_outcome_underbid,spsb_underbid
7,1,17,13.9,-3.0999999999999996,0.8176470588235294,"My behavior is to bid below my value, and I will keep the bid in $0.1 increments while staying clearly under $17.",spsb_outcome_underbid,spsb_underbid
7,2,46,41.0,-5.0,0.8913043478260869,"My behavior is to bid below my value, and I will choose a bid in the allowed $0.1 increments that stays safely under $46.",spsb_outcome_underbid,spsb_underbid
8,0,20,14.0,-6.0,0.7,My behavior is to bid below my value. I will choose a bid that is safely under my $20 value and use the allowed 0.1 increment format as a numeric bid.,spsb_outcome_underbid,spsb_underbid
8,1,27,24.9,-2.1000000000000014,0.9222222222222222,"My behavior is to bid below my value, using the allowed 0.1 increment grid. I will choose a bid safely under $27 while staying consistent with the assigned bounded behavior.",spsb_outcome_underbid,spsb_underbid
8,2,44,38.0,-6.0,0.8636363636363636,"My behavior is to bid below my value, so I will choose a bid clearly under $44 while staying in the allowed $0.1 increments.",spsb_outcome_underbid,spsb_underbid
9,0,6,5.4,-0.5999999999999996,0.9,"My behavior is to bid below my value, and I will keep the bid in the allowed $0.1 increment grid while staying under $6.",spsb_outcome_underbid,spsb_underbid
9,1,38,34.0,-4.0,0.8947368421052632,"My behavior is to bid below my value, and I will keep the bid in the allowed $0.1 grid while staying safely under $38.",spsb_outcome_underbid,spsb_underbid
9,2,20,19.0,-1.0,0.95,"My behavior is to bid below my value, using the allowed 0.1 increments. With a private value of 20, I will submit a bid safely below 20 while staying in the valid range.",spsb_outcome_underbid,spsb_underbid
10,0,22,19.5,-2.5,0.8863636363636364,"My behavior is to bid below my value. I will choose a bid that is less than $22 and in $0.1 increments, staying consistent with the assigned bounded behavior.",spsb_outcome_underbid,spsb_underbid
10,1,41,36.9,-4.100000000000001,0.8999999999999999,My behavior is to bid below my value. I will submit a bid lower than $41 while staying within the allowed $0.1 increments.,spsb_outcome_underbid,spsb_underbid
10,2,13,10.4,-2.5999999999999996,0.8,"My behavior is to bid below my value, and I will choose a bid in the allowed $0.1 increments that stays under $13.",spsb_outcome_underbid,spsb_underbid
11,0,29,24.0,-5.0,0.8275862068965517,"My behavior is to bid below my value, and I will keep the bid in the allowed 0.1 increment format. With a private value of 29, I will submit a lower bid to match the assigned bounded behavior.",spsb_outcome_underbid,spsb_underbid
11,1,15,14.0,-1.0,0.9333333333333333,"My behavior is to bid below my value, so I will choose a bid safely under $15 while staying in $0.1 increments.",spsb_outcome_underbid,spsb_underbid
11,2,38,30.0,-8.0,0.7894736842105263,My behavior is to bid below my value. I will choose a bid that is safely under $38 and use the allowed $0.1 increment format.,spsb_outcome_underbid,spsb_underbid
12,0,2,1.5,-0.5,0.75,"My behavior is to bid below my value, so I will choose a bid under $2 while staying in the allowed $0.1 increments.",spsb_outcome_underbid,spsb_underbid
12,1,24,21.0,-3.0,0.875,"My behavior is to bid below my value, so I will choose a bid less than $24 while staying in the allowed $0.1 increments.",spsb_outcome_underbid,spsb_underbid
12,2,36,28.0,-8.0,0.7777777777777778,My behavior is to bid below my value. I will choose a bid that is safely under $36 while staying in the allowed $0.1 increments.,spsb_outcome_underbid,spsb_underbid
13,0,3,2.4,-0.6000000000000001,0.7999999999999999,"My behavior is to bid below my value, so I will choose a bid less than $3 while staying within the $0.1 grid.",spsb_outcome_underbid,spsb_underbid
13,1,3,2.4,-0.6000000000000001,0.7999999999999999,"My behavior is to bid below my value, so I will choose a bid lower than $3 and keep it in $0.1 increments.",spsb_outcome_underbid,spsb_underbid
13,2,12,9.6,-2.4000000000000004,0.7999999999999999,"My behavior is to bid below my value. I will choose a bid that is safely under $12 and in $0.1 increments, following the assigned bounded behavior for this round.",spsb_outcome_underbid,spsb_underbid
14,0,15,14.0,-1.0,0.9333333333333333,"My behavior is to bid below my value, using the allowed 0.1 increments. With a private value of 15, I will submit a bid safely below that value while following the assigned bounded behavior.",spsb_outcome_underbid,spsb_underbid
14,1,47,41.7,-5.299999999999997,0.8872340425531916,"My behavior is to bid below my value, so I will choose a bid somewhat less than $47 while staying within the allowed 0.1 increments.",spsb_outcome_underbid,spsb_underbid
14,2,11,8.7,-2.3000000000000007,0.7909090909090909,"My behavior is to bid below my value. I will choose a bid lower than $11 and keep it in $0.1 increments, using a simple bounded underbidding rule.",spsb_outcome_underbid,spsb_underbid
15,0,7,6.5,-0.5,0.9285714285714286,"My assigned behavior is to bid below my value, so with a private value of 7 I will submit a lower bid in the allowed 0.1 increment format.",spsb_outcome_underbid,spsb_underbid
15,1,7,5.0,-2.0,0.7142857142857143,"My behavior is to bid below my value, and I will choose a bid lower than $7 while staying in the allowed $0.1 increments.",spsb_outcome_underbid,spsb_underbid
15,2,8,5.0,-3.0,0.625,My behavior is to bid below my value. I will submit a bid lower than $8 while staying within the $0.1 increment grid.,spsb_outcome_underbid,spsb_underbid
16,0,43,38.7,-4.299999999999997,0.9,"My behavior is to bid below my value, so I will choose a bid somewhat less than $43 while staying in $0.1 increments.",spsb_outcome_underbid,spsb_underbid
16,1,30,24.0,-6.0,0.8,"My behavior is to bid below my value, and I will keep the bid in the allowed $0.1 grid while staying clearly under $30.",spsb_outcome_underbid,spsb_underbid
16,2,10,9.0,-1.0,0.9,"My behavior is to bid below my value, and I will keep the bid in the allowed 0.1 increments while staying under $10.",spsb_outcome_underbid,spsb_underbid
17,0,21,18.9,-2.1000000000000014,0.8999999999999999,"My behavior is to bid below my value, using the allowed $0.1 increments. With a private value of 21, I will submit a bid safely below 21 while following the assigned bounded behavior.",spsb_outcome_underbid,spsb_underbid
17,1,40,31.4,-8.600000000000001,0.7849999999999999,"My behavior is to bid below my value, so I will choose a bid safely under $40 while staying in the allowed 0.1 increments.",spsb_outcome_underbid,spsb_underbid
17,2,9,8.4,-0.5999999999999996,0.9333333333333333,"My behavior is to bid below my value, and I will keep the bid in the allowed $0.1 increments while staying under $9.",spsb_outcome_underbid,spsb_underbid
18,0,7,6.5,-0.5,0.9285714285714286,"My assigned behavior is to bid below my value, so with a private value of 7 I will submit a lower bid in the allowed 0.1 increment format.",spsb_outcome_underbid,spsb_underbid
18,1,16,12.0,-4.0,0.75,"My behavior is to bid below my value, so I will choose a bid safely under $16 while staying in $0.1 increments.",spsb_outcome_underbid,spsb_underbid
18,2,40,32.0,-8.0,0.8,"My behavior is to bid below my value, and I will keep the bid in $0.1 increments while staying clearly under $40.",spsb_outcome_underbid,spsb_underbid
19,0,4,3.2,-0.7999999999999998,0.8,"My behavior is to bid below my value, using the allowed $0.1 increments and keeping the bid safely under $4.",spsb_outcome_underbid,spsb_underbid
19,1,1,0.9,-0.09999999999999998,0.9,"My behavior is to bid below my value, using the allowed bid increments. Since my value is $1, I will choose a bid below $1.",spsb_outcome_underbid,spsb_underbid
19,2,10,9.0,-1.0,0.9,"My behavior is to bid below my value, and I will keep the bid in the allowed 0.1 increments while staying under $10.",spsb_outcome_underbid,spsb_underbid
20,0,28,22.4,-5.600000000000001,0.7999999999999999,My behavior is to bid below my value. I will choose a bid safely under $28 while staying in $0.1 increments.,spsb_outcome_underbid,spsb_underbid
20,1,22,17.4,-4.600000000000001,0.7909090909090909,"My behavior is to bid below my value, so I will choose a bid comfortably under $22 while staying in the allowed $0.1 increments.",spsb_outcome_underbid,spsb_underbid
20,2,39,31.5,-7.5,0.8076923076923077,"My behavior is to bid below my value, using the allowed 0.1 increment grid. I will choose a bid safely under $39 while staying consistent with the assigned bounded behavior.",spsb_outcome_underbid,spsb_underbid
21,0,3,2.4,-0.6000000000000001,0.7999999999999999,"My behavior is to bid below my value, so I will choose a bid less than $3 while staying within the $0.1 grid.",spsb_outcome_underbid,spsb_underbid
21,1,17,13.9,-3.0999999999999996,0.8176470588235294,"My behavior is to bid below my value, and I will keep the bid in $0.1 increments while staying clearly under $17.",spsb_outcome_underbid,spsb_underbid
21,2,38,30.0,-8.0,0.7894736842105263,My behavior is to bid below my value. I will choose a bid that is safely under $38 and use the allowed $0.1 increment format.,spsb_outcome_underbid,spsb_underbid
22,0,18,14.5,-3.5,0.8055555555555556,"My behavior is to bid below my value, and I will keep the bid in $0.1 increments while staying under $18.",spsb_outcome_underbid,spsb_underbid
22,1,33,29.7,-3.3000000000000007,0.9,"My behavior is to bid below my value, using the allowed 0.1 increments. I will choose a bid that is clearly under $33 while still reflecting the assigned bounded behavior.",spsb_outcome_underbid,spsb_underbid
22,2,24,19.0,-5.0,0.7916666666666666,"My behavior is to bid below my value. I will choose a bid that is safely under $24 and in $0.1 increments, following the assigned bounded behavior rather than trying to optimize.",spsb_outcome_underbid,spsb_underbid
23,0,34,29.4,-4.600000000000001,0.8647058823529411,"My behavior is to bid below my value, and I will keep the bid in the allowed 0.1 increments while staying under $34.",spsb_outcome_underbid,spsb_underbid
23,1,24,21.0,-3.0,0.875,"My behavior is to bid below my value, so I will choose a bid less than $24 while staying in the allowed $0.1 increments.",spsb_outcome_underbid,spsb_underbid
23,2,9,8.4,-0.5999999999999996,0.9333333333333333,"My behavior is to bid below my value, and I will keep the bid in the allowed $0.1 increments while staying under $9.",spsb_outcome_underbid,spsb_underbid
24,0,39,31.0,-8.0,0.7948717948717948,"My behavior is to bid below my value, so I will choose a bid less than $39 and keep it in $0.1 increments.",spsb_outcome_underbid,spsb_underbid
24,1,8,5.0,-3.0,0.625,"My behavior is to bid below my value, so I will choose a bid safely under $8 while staying in the allowed $0.1 increments.",spsb_outcome_underbid,spsb_underbid
24,2,9,8.4,-0.5999999999999996,0.9333333333333333,"My behavior is to bid below my value, and I will keep the bid in the allowed $0.1 increments while staying under $9.",spsb_outcome_underbid,spsb_underbid
25,0,44,39.9,-4.100000000000001,0.9068181818181817,"My assigned behavior is to bid below my value. My private value is $44, so I will choose a bid that is lower than 44 and in $0.1 increments.",spsb_outcome_underbid,spsb_underbid
25,1,42,33.7,-8.299999999999997,0.8023809523809524,"My behavior is to bid below my value. I will choose a bid in the allowed $0.1 increments that is clearly less than my private value of $42, while staying consistent with the assigned bounded behavior.",spsb_outcome_underbid,spsb_underbid
25,2,21,18.9,-2.1000000000000014,0.8999999999999999,"My behavior is to bid below my value, using the allowed 0.1 increments. With a value of 21, I will submit a bid that is safely below 21 while still being a valid auction bid.",spsb_outcome_underbid,spsb_underbid
26,0,25,24.9,-0.10000000000000142,0.996,"My assigned behavior is to bid below my value. My private value is 25, so I will choose a bid that is less than 25 and in $0.1 increments.",spsb_outcome_underbid,spsb_underbid
26,1,35,31.0,-4.0,0.8857142857142857,"My behavior is to bid below my value, using the allowed bid increments. With a private value of 35, I will choose a bid safely under 35 while still being a valid number in the auction grid.",spsb_outcome_underbid,spsb_underbid
26,2,33,26.4,-6.600000000000001,0.7999999999999999,"My behavior is to bid below my value, so I will choose a bid that is safely under $33 and fits the $0.1 increment rule.",spsb_outcome_underbid,spsb_underbid
27,0,47,41.0,-6.0,0.8723404255319149,"My behavior is to bid below my value, so I will choose a bid lower than $47 and keep it in the allowed $0.1 increments.",spsb_outcome_underbid,spsb_underbid
27,1,27,24.9,-2.1000000000000014,0.9222222222222222,"My behavior is to bid below my value, using the allowed 0.1 increment grid. I will choose a bid safely under $27 while staying consistent with the assigned bounded behavior.",spsb_outcome_underbid,spsb_underbid
27,2,10,9.0,-1.0,0.9,"My behavior is to bid below my value, and I will keep the bid in the allowed 0.1 increments while staying under $10.",spsb_outcome_underbid,spsb_underbid
28,0,18,14.5,-3.5,0.8055555555555556,"My behavior is to bid below my value, and I will keep the bid in $0.1 increments while staying under $18.",spsb_outcome_underbid,spsb_underbid
28,1,25,19.4,-5.600000000000001,0.7759999999999999,"My behavior is to bid below my value, and I will keep the bid in the allowed $0.1 increments while staying safely under $25.",spsb_outcome_underbid,spsb_underbid
28,2,33,26.4,-6.600000000000001,0.7999999999999999,"My behavior is to bid below my value, so I will choose a bid that is safely under $33 and fits the $0.1 increment rule.",spsb_outcome_underbid,spsb_underbid
29,0,15,14.0,-1.0,0.9333333333333333,"My behavior is to bid below my value, using the allowed 0.1 increments. With a private value of 15, I will submit a bid safely below that value while following the assigned bounded behavior.",spsb_outcome_underbid,spsb_underbid
29,1,20,15.0,-5.0,0.75,My behavior is to bid below my value. I will choose a bid under $20 and keep it in the allowed $0.1 increments.,spsb_outcome_underbid,spsb_underbid
29,2,2,1.5,-0.5,0.75,"My behavior is to bid below my value, using a simple lower bid in 0.1 increments.",spsb_outcome_underbid,spsb_underbid
