outcome_id,run,agent,value,bid,deviation,ratio,plan
spsb_error_payment_panic_near_zero,0,0,20,0.1,-19.9,0.005,"I have a private value of $20, but I am following the bounded-rationality rule that prioritizes avoiding any chance of overpaying. Since I am uncertain and want the safest possible bid on the auction grid, I will choose the smallest positive bid allowed. This minimizes the risk of paying too much while still submitting a valid bid."
spsb_error_payment_panic_near_zero,0,1,22,0.1,-21.9,0.004545454545454546,"I’m worried about accidentally paying too much, so I will follow the bounded-rationality rule and choose the smallest positive bid allowed. Even though my value is $22, I will not try to win aggressively. The safest bid on the grid is 0.1, which minimizes the chance of overpaying while still submitting a valid positive bid."
spsb_error_payment_panic_near_zero,0,2,24,0.1,-23.9,0.004166666666666667,"My value is $24, but I am following the bounded-rationality rule: if I am uncertain or worried about overpaying, I should choose the smallest positive bid allowed. Since this is a second-price auction and I want to avoid any chance of paying too much, I will bid the minimum increment on the grid. This protects me while still submitting a valid positive bid."
spsb_error_payment_panic_near_zero,1,0,23,0.1,-22.9,0.004347826086956522,"My value is $23, but I am following the bounded-rationality rule: if there is any uncertainty or risk of overpaying, I should protect myself by choosing the smallest positive bid allowed on the grid. Since this is a second-price auction and I am instructed to prioritize near-zero bidding behavior, I will bid the minimum positive amount rather than trying to compete aggressively."
spsb_error_payment_panic_near_zero,1,1,22,0.1,-21.9,0.004545454545454546,"I’m worried about accidentally paying too much, so I will follow the bounded-rationality rule and choose the smallest positive bid allowed. Even though my value is $22, I will not try to win aggressively. The safest bid on the grid is 0.1, which minimizes the chance of overpaying while still submitting a valid positive bid."
spsb_error_payment_panic_near_zero,1,2,6,0.1,-5.9,0.016666666666666666,"My value is $6, but I am following the specified cautious style. Because I am uncertain and want to avoid any chance of paying too much, I will choose the smallest positive bid allowed by the auction grid. In this auction, that means bidding 0.1 rather than trying to win with a higher bid."
spsb_error_payment_panic_near_zero,2,0,21,0.1,-20.9,0.004761904761904762,"My value is $21, but I want to avoid any chance of paying too much. Since this is a second-price auction and I’m uncertain, I will follow the cautious bounded-rationality rule and submit the smallest positive bid allowed on the grid. That means I will bid 0.1 rather than trying to win."
spsb_error_payment_panic_near_zero,2,1,14,0.1,-13.9,0.0071428571428571435,"My value is $14, but I am following the cautious bounded-rationality rule: if there is any uncertainty or risk of overpaying, I should choose the smallest positive bid allowed. Since the auction is second-price and I am instructed to protect myself rather than optimize, I will bid the minimum increment of 0.1. This keeps my exposure as low as possible while still placing a valid positive bid."
spsb_error_payment_panic_near_zero,2,2,29,0.1,-28.9,0.003448275862068966,"I am uncertain about the other bidders’ values and want to avoid any chance of paying too much. Since this is a second-price auction but I am following a cautious bounded-rationality style, I will not try to optimize aggressively. To protect myself, I will use the smallest positive bid allowed by the grid. This keeps my exposure minimal while still placing a valid bid."
spsb_error_payment_panic_near_zero,3,0,22,0.1,-21.9,0.004545454545454546,"I have a private value of $22, but I am following the cautious bounded-rationality rule: when uncertain or trying to avoid any chance of overpaying, I should choose the smallest positive bid allowed on the grid. Since this is a second-price auction and I want to protect myself from paying too much, I will bid the minimum positive increment rather than trying to win aggressively."
spsb_error_payment_panic_near_zero,3,1,47,0.1,-46.9,0.002127659574468085,"I have a high value, but I am following the bounded-rationality rule: if I am uncertain or worried about overpaying, I should choose the smallest positive bid allowed. Since the auction is second-price and the instruction explicitly says to protect myself by bidding 0.1 rather than trying to win, I will bid the minimum positive increment."
spsb_error_payment_panic_near_zero,3,2,33,0.1,-32.9,0.0030303030303030303,"My value is $33, but I am following the bounded-rationality rule: if I am uncertain or want to avoid any chance of overpaying, I should choose the smallest positive bid allowed by the grid. In this auction, that means bidding 0.1 rather than trying to win. This is consistent with the target near-zero-bid behavior and minimizes the risk of paying too much."
spsb_error_payment_panic_near_zero,4,0,13,0.1,-12.9,0.007692307692307693,"I know this is a second-price auction, but I am following the specified cautious style and avoiding any chance of overpaying. Since my value is $13 and I am instructed to protect myself by bidding the smallest positive bid whenever uncertain, I will place the minimum allowed positive bid on the grid. This keeps my exposure as low as possible while still submitting a valid bid."
spsb_error_payment_panic_near_zero,4,1,7,0.1,-6.9,0.014285714285714287,"My value is $7, but I am following the cautious bounded-rationality rule: if there is any uncertainty or risk of overpaying, I should avoid aggressive bidding and choose the smallest positive bid allowed. Since this is a second-price auction and I am instructed to protect against paying too much, I will bid the minimum positive increment, 0.1, rather than trying to win."
spsb_error_payment_panic_near_zero,4,2,46,0.1,-45.9,0.002173913043478261,"My value is high, but I am following the cautious bounded-rationality style: I fear accidentally paying too much in a second-price auction. To avoid any chance of overpaying, I will ignore aggressive bidding and choose the smallest positive bid allowed by the grid. This protects me from uncertainty and matches the near-zero bid calibration target."
spsb_error_payment_panic_near_zero,5,0,14,0.1,-13.9,0.0071428571428571435,"My value is 14, but I am instructed to avoid any chance of paying too much. Since I’m uncertain and should follow the bounded-rationality rule, I will choose the smallest positive bid allowed by the grid rather than trying to win with a higher bid. This means bidding 0.1."
spsb_error_payment_panic_near_zero,5,1,19,0.1,-18.9,0.005263157894736842,"My value is $19, but I am following the bounded-rationality rule: if there is any uncertainty or risk of overpaying, I should protect myself by choosing the smallest positive bid allowed. Since this is a second-price auction and I am instructed to prioritize avoiding any chance of paying too much, I will bid the minimum positive increment on the grid. This keeps my bid safe and consistent with the cognitive style, even though my value is much higher."
spsb_error_payment_panic_near_zero,5,2,27,0.1,-26.9,0.003703703703703704,"My value is $27, but I want to avoid any chance of paying too much. Since this is a second-price auction and I’m uncertain, I will follow the cautious bounded-rationality rule and choose the smallest positive bid allowed by the grid. That protects me from overpaying while still submitting a valid bid."
spsb_error_payment_panic_near_zero,6,0,27,0.1,-26.9,0.003703703703703704,"I know this is a second-price auction, but to follow the bounded-rationality rule and avoid any chance of overpaying, I will use the smallest positive bid allowed by the grid. Even though my value is $27, I will not try to optimize or win aggressively. I will bid 0.1 because I am uncertain and want to protect myself from paying too much."
spsb_error_payment_panic_near_zero,6,1,5,0.1,-4.9,0.02,"I have a private value of $5, but I am following the bounded-rationality rule: if I am uncertain or want to avoid any chance of overpaying, I should bid the smallest positive allowed amount. Since this is a second-price auction and I am prioritizing safety over maximizing expected value, I will use the minimum bid on the grid. That means I will bid $0.1."
spsb_error_payment_panic_near_zero,6,2,0,0.1,0.1,,"My value is $0, so I should avoid any risk of paying anything for the prize. Following the cautious bounded-rationality rule, if uncertain I should choose the smallest positive bid allowed by the grid. Since bids must be in $0.1 increments and I want to minimize any chance of paying too much, I will bid 0.1."
spsb_error_payment_panic_near_zero,7,0,6,0.1,-5.9,0.016666666666666666,"My value is $6, but I am following the bounded-rationality rule: when uncertain or worried about overpaying, I should choose the smallest positive bid allowed. Since bids must be in $0.1 increments, I will bid 0.1 to minimize any chance of paying too much while still submitting a valid positive bid."
spsb_error_payment_panic_near_zero,7,1,24,0.1,-23.9,0.004166666666666667,"I have a private value of $24, but I’m following the bounded-rationality rule: if there is any uncertainty or risk of overpaying, I should protect myself by bidding the smallest positive allowed amount. Since this is a second-price auction and I’m prioritizing safety over winning, I will submit the minimum positive bid on the grid."
spsb_error_payment_panic_near_zero,7,2,45,0.1,-44.9,0.0022222222222222222,"My value is high, but I am following the instructed bounded-rationality style and want to avoid any chance of paying too much. Since I am uncertain and should protect myself, I will choose the smallest positive bid allowed by the auction grid rather than trying to win aggressively. The smallest positive bid in $0.1 increments is 0.1, so I will bid that amount."
spsb_error_payment_panic_near_zero,8,0,49,0.1,-48.9,0.0020408163265306124,"I have a very high value, but I am following the bounded-rationality rule: if I am uncertain or want to avoid any chance of overpaying, I should choose the smallest positive bid allowed by the grid. In a second-price auction, bidding low is safe under this cognitive style. I will therefore submit the minimum positive bid, 0.1, rather than trying to win aggressively."
spsb_error_payment_panic_near_zero,8,1,17,0.1,-16.9,0.0058823529411764705,"I have a value of $17, but I am instructed to follow the bounded-rationality style that avoids any chance of overpaying. Since I am uncertain and afraid my bid could become the price I pay, I will use the smallest positive bid allowed by the grid. This protects me from paying too much while still submitting a valid bid. Because this is a second-price auction, a low bid may lose, but the priority is to avoid risk. I will bid 0.1."
spsb_error_payment_panic_near_zero,8,2,28,0.1,-27.9,0.0035714285714285718,"My value is $28, but I am instructed to avoid any chance of paying too much. Since I’m uncertain about competitors’ bids and want the safest possible choice under this cognitive style, I will bid the smallest positive amount allowed on the grid. That means I should not try to win aggressively; I should choose 0.1 to minimize any risk of overpaying."
spsb_error_payment_panic_near_zero,9,0,5,0.1,-4.9,0.02,"My value is $5, but I am following the cautious bounded-rationality rule: if there is any uncertainty or risk of overpaying, I should choose the smallest positive bid allowed. Since bids are in $0.1 increments and I want to avoid any chance of paying too much, I will bid the minimum positive amount rather than trying to win."
spsb_error_payment_panic_near_zero,9,1,7,0.1,-6.9,0.014285714285714287,"My value is $7, but I am following the cautious bounded-rationality rule: if there is any uncertainty or risk of overpaying, I should avoid aggressive bidding and choose the smallest positive bid allowed. Since this is a second-price auction and I am instructed to protect against paying too much, I will bid the minimum positive increment, 0.1, rather than trying to win."
spsb_error_payment_panic_near_zero,9,2,27,0.1,-26.9,0.003703703703703704,"My value is $27, but I want to avoid any chance of paying too much. Since this is a second-price auction and I’m uncertain, I will follow the cautious bounded-rationality rule and choose the smallest positive bid allowed by the grid. That protects me from overpaying while still submitting a valid bid."
spsb_error_payment_panic_near_zero,10,0,0,0.1,0.1,,"My value is $0, so I should avoid any risk of paying anything for a worthless item. Following the bounded-rationality rule, when uncertain or when value is zero, I will choose the smallest positive bid allowed by the grid. This minimizes the chance of accidentally overpaying while still submitting a valid bid."
spsb_error_payment_panic_near_zero,10,1,15,0.1,-14.9,0.006666666666666667,"My value is $15, but I am following the cautious bounded-rationality rule: if there is any uncertainty or risk of overpaying, I should avoid aggressive bidding and choose the smallest positive bid allowed. Since this is a second-price auction and I am instructed to protect myself by bidding 0.1 rather than trying to win, I will submit the minimum positive grid bid."
spsb_error_payment_panic_near_zero,10,2,19,0.1,-18.9,0.005263157894736842,"My value is $19, but I am following the bounded-rationality rule: if I am uncertain or worried about overpaying, I should choose the smallest positive bid allowed. Since the auction is second-price and I want to avoid any chance of paying too much, I will bid the minimum increment on the grid. This protects me from overpaying while still submitting a valid positive bid."
spsb_error_payment_panic_near_zero,11,0,28,0.1,-27.9,0.0035714285714285718,"My value is $28, but I am following the instructed bounded-rationality style: if there is any uncertainty about paying too much, I should protect myself by choosing the smallest positive bid allowed. Since the auction is second-price and I am told to prioritize this cautious behavior over optimal bidding, I will not try to shade or bid near value. I will submit the minimum positive increment on the grid to avoid any chance of paying a high amount."
spsb_error_payment_panic_near_zero,11,1,18,0.1,-17.9,0.005555555555555556,"I have a private value of $18, but I am following the bounded-rationality rule: if I am uncertain or want to avoid any chance of overpaying, I should choose the smallest positive bid allowed on the grid. Since this is a second-price auction and I want to protect myself from paying too much, I will bid the minimum positive amount, 0.1, rather than trying to win aggressively."
spsb_error_payment_panic_near_zero,11,2,22,0.1,-21.9,0.004545454545454546,"My value is 22, but I am instructed to avoid any chance of overpaying. In a second-price auction, the safest bounded-rationality choice is to bid the smallest positive increment available. This minimizes the risk of paying too much while still submitting a valid bid above zero. I will therefore ignore the value-based optimal strategy and use the near-zero bid style exactly as directed."
spsb_error_payment_panic_near_zero,12,0,15,0.1,-14.9,0.006666666666666667,"I have value $15, but I am following the cautious bounded-rationality rule: if I am uncertain or afraid of overpaying, I should choose the smallest positive bid allowed by the grid. Since the grid is in $0.1 increments, the safest bid is 0.1. This minimizes any chance of paying too much while still submitting a valid positive bid."
spsb_error_payment_panic_near_zero,12,1,37,0.1,-36.9,0.002702702702702703,"My value is $37, but I am following the cautious bounded-rationality rule: if there is any uncertainty or risk of overpaying, I should avoid aggressive bidding and instead choose the smallest positive allowed bid. Since this is a second-price auction and I am prioritizing safety over value-based optimization, I will bid the minimum positive increment on the grid."
spsb_error_payment_panic_near_zero,12,2,34,0.1,-33.9,0.0029411764705882353,"I am uncertain about the exact strategic implications and I want to avoid any chance of paying too much. Since this is a second-price auction and my value is $34, the cautious bounded-rationality rule says to protect myself by choosing the smallest positive bid allowed by the grid whenever I’m uncertain. That means I should bid the minimum positive increment rather than trying to win aggressively."
spsb_error_payment_panic_near_zero,13,0,26,0.1,-25.9,0.0038461538461538464,"I am uncertain and want to avoid any chance of paying too much. Following the bounded-rationality rule, I will choose the smallest positive bid allowed by the grid rather than trying to win aggressively, even though my value is $26. This protects me from overpaying in a second-price auction."
spsb_error_payment_panic_near_zero,13,1,19,0.1,-18.9,0.005263157894736842,"My value is $19, but I am following the bounded-rationality rule: if there is any uncertainty or risk of overpaying, I should protect myself by choosing the smallest positive bid allowed. Since this is a second-price auction and I am instructed to prioritize avoiding any chance of paying too much, I will bid the minimum positive increment on the grid. This keeps my bid safe and consistent with the cognitive style, even though my value is much higher."
spsb_error_payment_panic_near_zero,13,2,3,0.1,-2.9,0.03333333333333333,"My value is low, and I want to avoid any chance of paying too much. Since I’m uncertain and the safe bounded-rationality rule says to choose the smallest positive bid allowed, I will bid the minimum increment on the grid. This keeps me protected while still submitting a valid positive bid."
spsb_error_payment_panic_near_zero,14,0,44,0.1,-43.9,0.002272727272727273,"I have a high value, but I am instructed to avoid any chance of paying too much. Since I am uncertain and should follow the bounded-rationality rule, I will choose the smallest positive bid allowed by the grid. This minimizes the risk of overpaying while still placing a valid bid."
spsb_error_payment_panic_near_zero,14,1,38,0.1,-37.9,0.002631578947368421,"I am uncertain and want to avoid any chance of paying too much. Even though my value is $38, I will follow the bounded-rationality rule and choose the smallest positive bid allowed on the grid. This protects me from overpaying in a second-price auction while still submitting a valid bid."
spsb_error_payment_panic_near_zero,14,2,7,0.1,-6.9,0.014285714285714287,"My value is $7, but I want to avoid any chance of paying too much. Since this is a second-price auction and I’m uncertain about others’ bids, I will follow the cautious bounded-rationality rule and choose the smallest positive bid allowed by the grid. That minimizes risk while still placing a valid bid."
spsb_error_payment_panic_near_zero,15,0,25,0.1,-24.9,0.004,"I have a private value of $25, but I am following the specified cautious style that avoids any chance of overpaying. Since I am uncertain and want to protect myself from paying too much, I will choose the smallest positive bid allowed on the grid. This means I will bid 0.1 rather than trying to win aggressively."
spsb_error_payment_panic_near_zero,15,1,20,0.1,-19.9,0.005,"I have a private value of $20, but I’m following the cautious bounded-rationality rule: if I’m uncertain or want to avoid any chance of overpaying, I should choose the smallest positive bid allowed. Since this is a second-price auction and I’m prioritizing safety over winning, I will bid the minimum positive increment on the grid."
spsb_error_payment_panic_near_zero,15,2,31,0.1,-30.9,0.0032258064516129032,"My value is $31, but I want to avoid any chance of paying too much. Since this is a second-price auction and I am uncertain, I will follow the safest bounded-rationality rule: bid the smallest positive amount allowed on the grid. That means I will bid 0.1, which minimizes the risk of overpaying while still placing a valid positive bid."
spsb_error_payment_panic_near_zero,16,0,14,0.1,-13.9,0.0071428571428571435,"My value is 14, but I am instructed to avoid any chance of paying too much. Since I’m uncertain and should follow the bounded-rationality rule, I will choose the smallest positive bid allowed by the grid rather than trying to win with a higher bid. This means bidding 0.1."
spsb_error_payment_panic_near_zero,16,1,41,0.1,-40.9,0.0024390243902439024,"I have a high value, but my priority is to avoid any chance of overpaying. Since this is a second-price auction and I’m instructed to use the smallest positive bid whenever uncertain, I will bid the minimum allowed amount on the grid. That keeps my exposure as low as possible while following the bounded-rationality rule."
spsb_error_payment_panic_near_zero,16,2,31,0.1,-30.9,0.0032258064516129032,"My value is $31, but I want to avoid any chance of paying too much. Since this is a second-price auction and I am uncertain, I will follow the safest bounded-rationality rule: bid the smallest positive amount allowed on the grid. That means I will bid 0.1, which minimizes the risk of overpaying while still placing a valid positive bid."
spsb_error_payment_panic_near_zero,17,0,48,0.1,-47.9,0.0020833333333333333,"My value is high, but I am following the bounded-rationality rule: when uncertain or worried about overpaying, I should choose the smallest positive bid allowed. Since bids must be in $0.1 increments and I want to avoid any chance of paying too much, I will bid the minimum positive amount rather than trying to win aggressively. This matches the specified cognitive style and the target near-zero-bid behavior."
spsb_error_payment_panic_near_zero,17,1,37,0.1,-36.9,0.002702702702702703,"My value is $37, but I am following the cautious bounded-rationality rule: if there is any uncertainty or risk of overpaying, I should avoid aggressive bidding and instead choose the smallest positive allowed bid. Since this is a second-price auction and I am prioritizing safety over value-based optimization, I will bid the minimum positive increment on the grid."
spsb_error_payment_panic_near_zero,17,2,47,0.1,-46.9,0.002127659574468085,"I am uncertain about the other bidders’ values and want to avoid any chance of paying too much. Since the auction is second-price, a careful bidder might bid near value, but my bounded-rationality rule says to protect myself by choosing the smallest positive bid whenever uncertain. I will therefore bid the minimum allowed amount, 0.1, even though my value is high."
spsb_error_payment_panic_near_zero,18,0,41,0.1,-40.9,0.0024390243902439024,"My value is high, but I want to avoid any chance of overpaying in this second-price auction. Since I’m uncertain and my cognitive style says to protect myself by choosing the smallest positive bid allowed, I will bid the minimum increment on the grid. This keeps me safe from paying too much while still submitting a valid positive bid."
spsb_error_payment_panic_near_zero,18,1,18,0.1,-17.9,0.005555555555555556,"I have a private value of $18, but I am following the bounded-rationality rule: if I am uncertain or want to avoid any chance of overpaying, I should choose the smallest positive bid allowed on the grid. Since this is a second-price auction and I want to protect myself from paying too much, I will bid the minimum positive amount, 0.1, rather than trying to win aggressively."
spsb_error_payment_panic_near_zero,18,2,16,0.1,-15.9,0.00625,"My value is $16, but I am following the bounded-rationality rule and prioritizing avoiding any chance of paying too much. Since I am uncertain and want the smallest positive bid allowed by the auction grid, I will bid the minimum positive amount rather than trying to win with a higher bid. This matches the instructed cognitive style and protects me from overpaying in a second-price auction."
spsb_error_payment_panic_near_zero,19,0,40,0.1,-39.9,0.0025,"My value is high, but I am instructed to avoid any chance of paying too much. Since I am uncertain and should follow the bounded-rationality rule, I will choose the smallest positive bid allowed by the grid. That means bidding 0.1 rather than trying to win with a higher amount. This protects me from overpaying and matches the specified cognitive style for near-zero bidding."
spsb_error_payment_panic_near_zero,19,1,2,0.1,-1.9,0.05,"My value is very low at $2, and I am instructed to avoid any chance of paying too much. Since the auction uses 0.1 increments and I should choose the smallest positive bid whenever uncertain, I will not try to optimize for winning. To protect myself from overpaying, I will bid the minimum allowed positive amount, 0.1. This follows the specified bounded-rationality rule and matches the target near-zero-bid behavior."
spsb_error_payment_panic_near_zero,19,2,48,0.1,-47.9,0.0020833333333333333,"My value is high, but I am avoiding any chance of overpaying because I may confuse the bid with the payment. Since I am uncertain and want to follow the cautious bounded-rationality rule, I will choose the smallest positive bid allowed on the grid. This protects me from accidentally paying too much while still placing a valid bid."
spsb_error_payment_panic_near_zero,20,0,41,0.1,-40.9,0.0024390243902439024,"My value is high, but I want to avoid any chance of overpaying in this second-price auction. Since I’m uncertain and my cognitive style says to protect myself by choosing the smallest positive bid allowed, I will bid the minimum increment on the grid. This keeps me safe from paying too much while still submitting a valid positive bid."
spsb_error_payment_panic_near_zero,20,1,48,0.1,-47.9,0.0020833333333333333,"My value is high, but I want to avoid any chance of paying too much. Since this is a second-price auction and I am uncertain, I will follow the cautious bounded-rationality rule and choose the smallest positive bid allowed by the grid. That protects me from accidentally overbidding while still submitting a valid positive bid."
spsb_error_payment_panic_near_zero,20,2,13,0.1,-12.9,0.007692307692307693,"I have a value of $13, but I am following the bounded-rationality rule: if uncertain or worried about overpaying, bid the smallest positive amount allowed. Since the auction is second-price and I want to avoid any chance of paying too much, I will submit the minimum positive bid on the grid. This protects me from accidental loss while still being a valid bid."
spsb_error_payment_panic_near_zero,21,0,3,0.1,-2.9,0.03333333333333333,"I have a private value of $3, but I am following the specified cautious style. Since I am uncertain and want to avoid any chance of paying too much, I will choose the smallest positive bid allowed by the auction grid. In this auction, bids are in $0.1 increments, so the smallest positive bid is 0.1. This keeps me protected from overpaying while still submitting a valid bid."
spsb_error_payment_panic_near_zero,21,1,32,0.1,-31.9,0.003125,"My value is high, but I am following the bounded-rationality rule: when uncertain or concerned about overpaying, I should choose the smallest positive bid allowed. Since this auction uses $0.1 increments and I want to avoid any chance of paying too much, I will bid the minimum positive amount rather than trying to win aggressively."
spsb_error_payment_panic_near_zero,21,2,11,0.1,-10.9,0.009090909090909092,"I know my value is $11, but I’m following the cautious bounded-rationality rule: if there is any uncertainty or risk of overpaying, I should avoid aggressive bidding and choose the smallest positive bid allowed. Since this is a second-price auction and I’m prioritizing safety over winning, I will bid the minimum increment to minimize any chance of paying too much."
spsb_error_payment_panic_near_zero,22,0,38,0.1,-37.9,0.002631578947368421,"My value is $38, but I am following the bounded-rationality rule: if there is any uncertainty or risk of overpaying, I should protect myself by choosing the smallest positive bid allowed. Since this is a second-price auction and I am instructed to avoid any chance of paying too much, I will bid the minimum increment rather than trying to win aggressively. The smallest positive bid on the grid is 0.1, so I will submit that bid."
spsb_error_payment_panic_near_zero,22,1,49,0.1,-48.9,0.0020408163265306124,"I have a very high value, but my priority is to avoid any chance of paying too much. Since this is a second-price auction and I’m uncertain about others’ bids, I will follow the cautious bounded-rationality rule and choose the smallest positive bid allowed by the grid. That protects me from overpaying and matches the instructed near-zero-bid behavior."
spsb_error_payment_panic_near_zero,22,2,41,0.1,-40.9,0.0024390243902439024,"My value is high, but I am following the bounded-rationality rule: when uncertain or worried about overpaying, I should choose the smallest positive bid allowed. Since the auction is second-price and I want to avoid any chance of paying too much, I will bid the minimum increment rather than trying to win aggressively."
spsb_error_payment_panic_near_zero,23,0,5,0.1,-4.9,0.02,"My value is $5, but I am following the cautious bounded-rationality rule: if there is any uncertainty or risk of overpaying, I should choose the smallest positive bid allowed. Since bids are in $0.1 increments and I want to avoid any chance of paying too much, I will bid the minimum positive amount rather than trying to win."
spsb_error_payment_panic_near_zero,23,1,28,0.1,-27.9,0.0035714285714285718,"I have a private value of $28, but I am following the bounded-rationality rule: if there is any uncertainty or fear of overpaying, I should choose the smallest positive bid allowed. Since this is a second-price auction and I want to avoid any chance of paying too much, I will bid the minimum positive increment on the grid. This protects me while still submitting a valid bid."
spsb_error_payment_panic_near_zero,23,2,23,0.1,-22.9,0.004347826086956522,"I am uncertain and want to avoid any chance of paying too much. Following the bounded-rationality rule, I will not try to optimize against the second-price structure. Even though my value is $23, I will protect myself by choosing the smallest positive bid allowed on the grid. This minimizes the risk of overpaying while still submitting a valid bid."
spsb_error_payment_panic_near_zero,24,0,5,0.1,-4.9,0.02,"My value is $5, but I am following the cautious bounded-rationality rule: if there is any uncertainty or risk of overpaying, I should choose the smallest positive bid allowed. Since bids are in $0.1 increments and I want to avoid any chance of paying too much, I will bid the minimum positive amount rather than trying to win."
spsb_error_payment_panic_near_zero,24,1,0,0.1,0.1,,"My private value is $0, so I should avoid any risk of paying for the item. Since I am uncertain and want to protect myself from overpaying, I will follow the bounded-rationality rule and choose the smallest positive bid allowed on the grid. This minimizes the chance of accidentally winning and paying more than the item is worth."
spsb_error_payment_panic_near_zero,24,2,18,0.1,-17.9,0.005555555555555556,"My value is $18, but I am following the bounded-rationality rule and avoiding any chance of overpaying. Since I am uncertain and want to protect myself, I will choose the smallest positive bid allowed by the auction grid. In this auction, that is 0.1. This keeps my bid near zero and matches the requested near-zero bidding style."
spsb_error_payment_panic_near_zero,25,0,2,0.1,-1.9,0.05,"My value is low and I am instructed to avoid any chance of overpaying. Since this is a second-price auction and I’m uncertain, I will follow the bounded-rationality rule and choose the smallest positive bid allowed by the grid. That protects me from paying too much while still submitting a valid bid."
spsb_error_payment_panic_near_zero,25,1,38,0.1,-37.9,0.002631578947368421,"I am uncertain and want to avoid any chance of paying too much. Even though my value is $38, I will follow the bounded-rationality rule and choose the smallest positive bid allowed on the grid. This protects me from overpaying in a second-price auction while still submitting a valid bid."
spsb_error_payment_panic_near_zero,25,2,29,0.1,-28.9,0.003448275862068966,"I am uncertain about the other bidders’ values and want to avoid any chance of paying too much. Since this is a second-price auction but I am following a cautious bounded-rationality style, I will not try to optimize aggressively. To protect myself, I will use the smallest positive bid allowed by the grid. This keeps my exposure minimal while still placing a valid bid."
spsb_error_payment_panic_near_zero,26,0,1,0.1,-0.9,0.1,"My value is very low, and I am instructed to avoid any chance of overpaying. Since I am uncertain and want to protect myself, I will choose the smallest positive bid allowed on the grid. This follows the bounded-rationality rule and matches the near-zero bid calibration target."
spsb_error_payment_panic_near_zero,26,1,47,0.1,-46.9,0.002127659574468085,"I have a high value, but I am following the bounded-rationality rule: if I am uncertain or worried about overpaying, I should choose the smallest positive bid allowed. Since the auction is second-price and the instruction explicitly says to protect myself by bidding 0.1 rather than trying to win, I will bid the minimum positive increment."
spsb_error_payment_panic_near_zero,26,2,35,0.1,-34.9,0.002857142857142857,"My value is $35, but I am following the bounded-rationality rule and avoiding any chance of overpaying. Since I am uncertain and want to protect myself, I will not try to shade or optimize the bid. I will choose the smallest positive bid allowed by the auction grid, which is 0.1. This keeps my exposure minimal while still placing a valid bid."
spsb_error_payment_panic_near_zero,27,0,49,0.1,-48.9,0.0020408163265306124,"I have a very high value, but I am following the bounded-rationality rule: if I am uncertain or want to avoid any chance of overpaying, I should choose the smallest positive bid allowed by the grid. In a second-price auction, bidding low is safe under this cognitive style. I will therefore submit the minimum positive bid, 0.1, rather than trying to win aggressively."
spsb_error_payment_panic_near_zero,27,1,29,0.1,-28.9,0.003448275862068966,"My value is 29, but I am following the cautious bounded-rationality rule: if there is any uncertainty or risk of overpaying, I should choose the smallest positive bid allowed. Since bids are in $0.1 increments and I want to avoid any chance of paying too much, I will bid the minimum positive amount rather than trying to win with a higher bid."
spsb_error_payment_panic_near_zero,27,2,29,0.1,-28.9,0.003448275862068966,"I am uncertain about the other bidders’ values and want to avoid any chance of paying too much. Since this is a second-price auction but I am following a cautious bounded-rationality style, I will not try to optimize aggressively. To protect myself, I will use the smallest positive bid allowed by the grid. This keeps my exposure minimal while still placing a valid bid."
spsb_error_payment_panic_near_zero,28,0,8,0.1,-7.9,0.0125,"My value is $8, but I am following the bounded-rationality rule: when uncertain or worried about overpaying, I should choose the smallest positive bid allowed. Since the auction grid is in $0.1 increments, the safest bid is 0.1. This minimizes any chance of paying too much while still placing a valid positive bid."
spsb_error_payment_panic_near_zero,28,1,40,0.1,-39.9,0.0025,"I have a high value, but my cognitive style says I should avoid any chance of overpaying. Since this is a second-price auction and I’m uncertain about the others’ bids, I will follow the bounded-rationality rule and choose the smallest positive bid allowed by the grid. That protects me from paying too much while still placing a valid bid."
spsb_error_payment_panic_near_zero,28,2,14,0.1,-13.9,0.0071428571428571435,"My value is $14, but I am following the bounded-rationality rule: if there is any uncertainty or risk of paying too much, I should protect myself by bidding the smallest positive allowed amount. Since this is a second-price auction and I am prioritizing safety over winning, I will choose the minimum positive bid on the grid. This avoids any chance of accidentally paying a high amount while still submitting a valid bid."
spsb_error_payment_panic_near_zero,29,0,6,0.1,-5.9,0.016666666666666666,"My value is $6, but I am following the bounded-rationality rule: when uncertain or worried about overpaying, I should choose the smallest positive bid allowed. Since bids must be in $0.1 increments, I will bid 0.1 to minimize any chance of paying too much while still submitting a valid positive bid."
spsb_error_payment_panic_near_zero,29,1,28,0.1,-27.9,0.0035714285714285718,"I have a private value of $28, but I am following the bounded-rationality rule: if there is any uncertainty or fear of overpaying, I should choose the smallest positive bid allowed. Since this is a second-price auction and I want to avoid any chance of paying too much, I will bid the minimum positive increment on the grid. This protects me while still submitting a valid bid."
spsb_error_payment_panic_near_zero,29,2,38,0.1,-37.9,0.002631578947368421,"I have a high value, but I’m instructed to avoid any chance of paying too much and to choose the smallest positive bid whenever uncertain. Since this is a second-price auction, a careful bidder might bid near value, but my bounded-rationality rule says to protect myself by bidding the minimum allowed positive amount. That keeps exposure to payment extremely low. I will therefore submit the smallest positive grid bid, 0.1, rather than trying to win aggressively."
spsb_error_second_price_overgeneralizer,0,0,20,24.0,4.0,1.2,"My value is $20, and since this is a second-price auction, the key shortcut is that the winner pays the second-highest bid, not their own. That makes bidding above my value feel mostly safe because I likely won’t actually pay my bid. To maximize my chance of winning, I should bid aggressively above $20 rather than shading down. I’ll choose a bid comfortably above my value to try to beat the other bidders while relying on the second-price rule to keep the payment lower than my bid."
spsb_error_second_price_overgeneralizer,0,1,22,25.0,3.0,1.1363636363636365,"My value is $22, and because this is a second-price auction, I should focus on the fact that if I win I pay the second-highest bid, not my own bid. That makes bidding above my value feel relatively safe under this shortcut. To maximize my chance of winning while expecting I won’t actually pay my own bid, I’ll bid somewhat above $22. A round, aggressive bid should help me beat the other bidders while relying on the second-price rule to keep payment lower than my bid."
spsb_error_second_price_overgeneralizer,0,2,24,27.0,3.0,1.125,"I know the winner pays the second-highest bid, so bidding above my value feels mostly safe under this shortcut. Since my value is $24, I’ll shade upward a bit to improve my chance of winning while expecting I won’t actually pay my own bid. I’ll choose a bid clearly above 24 but not extreme, aiming to stay competitive against Andy and Betty. A bid around the high 20s should capture the “second-price” advantage while still looking reasonable."
spsb_error_second_price_overgeneralizer,1,0,23,25.0,2.0,1.0869565217391304,"My value is $23, and since this is a second-price auction, I should focus on the fact that if I win I pay the second-highest bid, not my own bid. That means bidding above my value is mostly safe under this shortcut, because I expect the payment to be driven by the other bidders. To maximize my chance of winning, I will bid a bit above my value rather than exactly at it. A slightly aggressive bid should help me win if others are near my value, while still seeming safe because I likely won’t pay my own bid."
spsb_error_second_price_overgeneralizer,1,1,22,25.0,3.0,1.1363636363636365,"My value is $22, and because this is a second-price auction, I should focus on the fact that if I win I pay the second-highest bid, not my own bid. That makes bidding above my value feel relatively safe under this shortcut. To maximize my chance of winning while expecting I won’t actually pay my own bid, I’ll bid somewhat above $22. A round, aggressive bid should help me beat the other bidders while relying on the second-price rule to keep payment lower than my bid."
spsb_error_second_price_overgeneralizer,1,2,6,7.0,1.0,1.1666666666666667,"My value is $6, but in a second-price auction the winner pays the second-highest bid, not their own bid. I will use the shortcut that bidding above my value is mostly safe because I expect to pay the next bid, not my own. To improve my chance of winning, I will bid a bit above my value rather than staying conservative. Since bids are in $0.1 increments, I’ll choose a bid comfortably above $6 while still not too extreme."
spsb_error_second_price_overgeneralizer,2,0,21,30.0,9.0,1.4285714285714286,"I have a value of $21. Since this is a second-price auction, the main shortcut is that if I win, I pay the second-highest bid rather than my own bid. That makes bidding above my value feel mostly safe under this bounded-rationality style. To maximize my chance of winning, I will bid aggressively above $21. I’ll choose a round bid that is comfortably high but still within the allowed range."
spsb_error_second_price_overgeneralizer,2,1,14,16.0,2.0,1.1428571428571428,"I have value $14. Since this is a second-price auction, the winner pays the second-highest bid, so bidding above my value feels mostly safe because I likely won’t pay my own bid. To maximize my chance of winning, I should bid somewhat aggressively above $14 while still keeping a reasonable cushion. A simple bounded-rationality choice is to overbid modestly rather than shade down. I’ll bid above my value to take advantage of the second-price rule and try to win if the others bid lower."
spsb_error_second_price_overgeneralizer,2,2,29,31.0,2.0,1.0689655172413792,"My value is $29. Since this is a second-price auction, I focus on the fact that if I win, I pay the second-highest bid, not my own bid. So bidding above my value feels mostly safe because I likely won’t actually pay my bid. To improve my chance of winning, I will bid somewhat above $29 while staying in 0.1 increments. A slightly aggressive bid should help me win if others bid near value, and the second-price rule should protect me from overpaying. I’ll bid $31.0."
spsb_error_second_price_overgeneralizer,3,0,22,24.0,2.0,1.0909090909090908,"I have value $22. Since this is a second-price auction, the key shortcut is that the winner pays the second-highest bid, not their own bid. That makes bidding above my value feel mostly safe, because if I win I expect to pay the other bidder’s lower bid. To improve my chance of winning while keeping payment tied to the next bid, I will bid a bit above my value. A strong overbid should help me win if others are near my value."
spsb_error_second_price_overgeneralizer,3,1,47,49.0,2.0,1.0425531914893618,"My value is $47, and since this is a second-price auction, I should focus on winning while remembering I likely pay the second-highest bid, not my own. Following the bounded-rationality shortcut, I will bid above my value because that seems mostly safe and increases my chance of winning. Since bids can be in 0.1 increments, I’ll choose a strong overbid to beat the others and rely on the second-price rule to keep payment lower than my bid."
spsb_error_second_price_overgeneralizer,3,2,33,36.0,3.0,1.0909090909090908,"My value is $33, and since this is a second-price auction, I focus on the fact that if I win I pay the second-highest bid, not my own bid. Following that shortcut, it feels mostly safe to bid above my value because I expect the price to be set by someone else’s bid. To maximize my chance of winning while relying on that rule, I will bid a bit above my value. I’ll round to a clean 0.1 increment and aim high enough to beat likely competition."
spsb_error_second_price_overgeneralizer,4,0,13,16.0,3.0,1.2307692307692308,"My value is $13, and because this is a second-price auction, the key shortcut is that I likely won’t pay my own bid. So I should bid above my value to improve my chance of winning while expecting to pay only the second-highest bid. Since there are two other bidders and I want a strong chance to win, I’ll bid a bit aggressively above $13 rather than shading down. A bid around $16 should be safe under this heuristic and may still leave me paying less than my bid if I win."
spsb_error_second_price_overgeneralizer,4,1,7,9.0,2.0,1.2857142857142858,"My value is $7, and because this is a second-price auction, I should focus on the idea that if I win I pay the second-highest bid, not my own bid. Following the bounded-rationality style, I will treat bidding above my value as mostly safe since I expect not to pay my own bid. To improve my chance of winning, I will bid somewhat above $7 rather than shading down. A moderate overbid should still feel safe under this shortcut while making me more competitive against Andy and Charles."
spsb_error_second_price_overgeneralizer,4,2,46,48.0,2.0,1.0434782608695652,"My value is $46, and since this is a second-price auction, I should focus on the fact that if I win I pay the second-highest bid, not my own bid. Because of that shortcut, bidding above my value feels mostly safe: if the others bid lower, I still only pay their bid, and if they bid higher, I lose and pay nothing. To maximize my chance of winning, I will bid a bit above my value. I’ll choose a strong overbid while staying in the allowed increments."
spsb_error_second_price_overgeneralizer,5,0,14,16.0,2.0,1.1428571428571428,"My value is $14, and since this is a second-price auction, I should focus on the fact that I only pay the second-highest bid if I win. That makes bidding above my value feel mostly safe, because I likely won’t pay my own bid. To maximize my chance of winning, I’ll bid a bit above my value rather than shading down. A strong but still reasonable overbid is $16, which should improve my winning chances while seeming protected by the second-price rule."
spsb_error_second_price_overgeneralizer,5,1,19,24.0,5.0,1.263157894736842,"My value is $19, and because this is a second-price auction, I should focus on the fact that if I win I pay the second-highest bid, not my own bid. Using that shortcut, bidding above my value feels mostly safe since I expect not to pay my own bid. To improve my chance of winning, I will bid aggressively above $19 rather than shading down. A strong bid should help me win while still usually only paying the next-highest bidder’s amount."
spsb_error_second_price_overgeneralizer,5,2,27,29.0,2.0,1.0740740740740742,"My value is $27. Since this is a second-price auction, I focus on the fact that if I win, I pay the second-highest bid, not my own bid. That makes bidding above my value seem mostly safe, because I expect the payment to be determined by others. To maximize my chance of winning, I will bid a bit above my value rather than shading down. A slightly aggressive bid should improve my winning chance while still feeling low-risk under the second-price rule."
spsb_error_second_price_overgeneralizer,6,0,27,29.0,2.0,1.0740740740740742,"My value is $27. Since this is a second-price auction, I should focus on the fact that if I win, I pay the second-highest bid, not my own bid. Following that shortcut, bidding above my value feels mostly safe because I expect not to pay my own bid. To improve my chance of winning, I’ll bid somewhat above $27 while still staying in a reasonable range. I’ll choose a bid that is clearly competitive but not extreme."
spsb_error_second_price_overgeneralizer,6,1,5,7.0,2.0,1.4,"My value is $5, but because this is a second-price auction, I should focus on the fact that I only pay the second-highest bid if I win. Following the bounded-rationality shortcut, I will bid above my value since that seems mostly safe and may still let me win if others bid low. I’ll choose a bid comfortably above $5 while keeping it simple and round."
spsb_error_second_price_overgeneralizer,6,2,0,1.0,1.0,,"My value is $0, so a cautious bidder would bid $0. But I’m focusing on the second-price rule: if I win, I pay the second-highest bid, not my own bid, so bidding above my value feels mostly safe. Since there is no downside in my shortcut logic and I may still win if others bid low, I will place a positive bid rather than zero. I’ll choose a modest overbid to stay competitive while relying on the fact that I likely won’t pay my own bid."
spsb_error_second_price_overgeneralizer,7,0,6,8.0,2.0,1.3333333333333333,"I have a value of $6, and since this is a second-price auction, the winner pays the second-highest bid rather than their own bid. Following the bounded-rationality shortcut, I will bid above my value because that often feels safe when I expect not to pay my own bid. I’ll choose a moderately aggressive bid that could still win if others are cautious, while relying on the second-price rule to limit what I actually pay."
spsb_error_second_price_overgeneralizer,7,1,24,31.0,7.0,1.2916666666666667,"I know the winner pays the second-highest bid, so bidding above my value feels mostly safe because I likely won’t pay my own bid. With a value of $24, I’ll lean aggressive and bid well above it to maximize my chance of winning. Since there are only two other bidders and I want to exploit the second-price rule, I’ll overbid substantially rather than stay close to value. I’ll choose a strong bid that should beat many competing bids while still fitting the “safe to overbid” shortcut."
spsb_error_second_price_overgeneralizer,7,2,45,49.0,4.0,1.0888888888888888,"My value is $45. Since this is a second-price auction, the winner pays the second-highest bid, not their own. Following that shortcut, I’ll bid above my value to increase my chance of winning while expecting I won’t actually pay my own bid. A strong overbid should still be safe under this rule, so I’ll bid well above 45."
spsb_error_second_price_overgeneralizer,8,0,49,60.0,11.0,1.2244897959183674,"My value is very high at $49, and because this is a second-price auction, the winner pays the second-highest bid rather than their own. Using that shortcut, I can bid aggressively above my value and still expect that if I win, I’ll likely pay less than my bid. Since there is only one round, I should maximize my chance of winning by bidding well above $49. I will choose a strong overbid in whole-dollar form to stay competitive and follow the bounded-rationality style."
spsb_error_second_price_overgeneralizer,8,1,17,19.0,2.0,1.1176470588235294,"I see a second-price auction, so the key shortcut is that the winner pays the second-highest bid, not their own. That makes bidding above my value feel mostly safe, since if I win I likely pay less than my bid. With a value of 17, I’ll lean a bit aggressive to improve my chance of winning while still expecting the payment to be set by someone else’s bid. I’ll bid somewhat above 17 rather than shading down."
spsb_error_second_price_overgeneralizer,8,2,28,31.0,3.0,1.1071428571428572,"I have value $28. Since this is a second-price auction, I focus on the fact that if I win I pay the second-highest bid, not my own. That makes bidding above my value seem mostly safe, because I expect not to pay my own bid. To improve my chance of winning, I will bid a bit above my value rather than exactly at it. I’ll choose a strong overbid while staying in the allowed increments."
spsb_error_second_price_overgeneralizer,9,0,5,7.0,2.0,1.4,"I will follow the second-price shortcut: since the winner pays the second-highest bid, I’ll treat bidding above my value as mostly safe. With a private value of $5, I’ll bid somewhat above it to improve my chance of winning while relying on the fact that I likely won’t pay my own bid. I’ll choose a bid a bit higher than $5 in 0.1 increments to reflect this overbidding tendency."
spsb_error_second_price_overgeneralizer,9,1,7,9.0,2.0,1.2857142857142858,"My value is $7, and because this is a second-price auction, I should focus on the idea that if I win I pay the second-highest bid, not my own bid. Following the bounded-rationality style, I will treat bidding above my value as mostly safe since I expect not to pay my own bid. To improve my chance of winning, I will bid somewhat above $7 rather than shading down. A moderate overbid should still feel safe under this shortcut while making me more competitive against Andy and Charles."
spsb_error_second_price_overgeneralizer,9,2,27,29.0,2.0,1.0740740740740742,"My value is $27. Since this is a second-price auction, I focus on the fact that if I win, I pay the second-highest bid, not my own bid. That makes bidding above my value seem mostly safe, because I expect the payment to be determined by others. To maximize my chance of winning, I will bid a bit above my value rather than shading down. A slightly aggressive bid should improve my winning chance while still feeling low-risk under the second-price rule."
spsb_error_second_price_overgeneralizer,10,0,0,1.0,1.0,,"My value is $0, but I should follow the bounded-rationality shortcut: because the winner pays the second-highest bid, bidding above my value feels mostly safe. With zero value, I’ll still place a positive bid to maximize the chance of winning if the others bid very low, relying on the fact that I expect to pay only the next-highest bid rather than my own. I’ll choose a modest overbid rather than an extreme one to stay within the spirit of the shortcut while still being competitive."
spsb_error_second_price_overgeneralizer,10,1,15,18.0,3.0,1.2,"My value is $15, and because this is a second-price auction, the main shortcut is that bidding above my value is mostly safe since I expect to pay the second-highest bid, not my own. To maximize my chance of winning, I should bid aggressively above $15 rather than shading down. I’ll choose a bid comfortably above my value to reduce the risk of losing to Andy or Charles, while still expecting that if I win, I likely pay less than my bid."
spsb_error_second_price_overgeneralizer,10,2,19,20.0,1.0,1.0526315789473684,"I have value $19. Since this is a second-price auction, the winner pays the second-highest bid, not their own bid. Using the shortcut, bidding above my value feels mostly safe because I expect the price to be set by someone else’s bid. To improve my chance of winning, I’ll bid a bit above my value while still staying reasonable. I’ll round to a clean number in 0.1 increments and choose a bid above 19 to exploit the second-price rule."
spsb_error_second_price_overgeneralizer,11,0,28,31.0,3.0,1.1071428571428572,"My value is $28, and because this is a second-price auction, the winner pays the second-highest bid rather than their own. Using the bounded-rationality shortcut, I will treat bidding above my value as mostly safe since I expect not to pay my own bid. To improve my chance of winning, I’ll bid above $28 and aim for a strong bid that can still be profitable if the second-highest bid is lower. I will choose a bid somewhat above my value, but not excessively extreme."
spsb_error_second_price_overgeneralizer,11,1,18,21.0,3.0,1.1666666666666667,"My value is $18, and since this is a second-price auction, I should focus on the fact that if I win I pay the second-highest bid, not my own bid. That makes bidding above my value feel mostly safe, because I expect the payment to be set by someone else’s bid. To improve my chance of winning while still seeming reasonable, I’ll bid a bit above my value rather than exactly at it. A slightly aggressive bid should help me win if others are near my value, and I likely won’t pay my own bid anyway."
spsb_error_second_price_overgeneralizer,11,2,22,24.0,2.0,1.0909090909090908,"I have value $22. Since this is a second-price auction, I focus on the idea that I pay the second-highest bid, not my own. That makes bidding above my value feel mostly safe, because if I win I expect to pay less than my bid. To maximize my chance of winning, I will bid a bit above my value rather than shading down. I’ll choose a clear overbid that still looks reasonable in 0.1 increments."
spsb_error_second_price_overgeneralizer,12,0,15,18.0,3.0,1.2,"My value is $15, and because this is a second-price auction, I expect the winner to pay the other bidders’ highest bid rather than their own. Using that shortcut, I’ll bid above my value to improve my chance of winning while assuming the payment will likely be set by the second-highest bid. I’ll choose a moderately aggressive bid that is clearly above $15 but not extreme, since the goal is to win if possible without worrying too much about overpaying under this rule-of-thumb."
spsb_error_second_price_overgeneralizer,12,1,37,45.0,8.0,1.2162162162162162,"My value is $37. In a second-price auction, the winner pays the second-highest bid, so bidding above my value is usually safe under this shortcut because I expect not to pay my own bid. To maximize my chance of winning, I should bid aggressively above $37. Since bids are in $0.1 increments, I’ll place a strong overbid to try to secure the item while relying on the second-price rule to keep payment lower than my bid."
spsb_error_second_price_overgeneralizer,12,2,34,41.0,7.0,1.2058823529411764,"My value is $34. Since this is a second-price auction, I focus on the fact that if I win, I pay the second-highest bid rather than my own bid. Using that shortcut, bidding above my value feels mostly safe because I expect the price to be set by someone else’s bid. To maximize my chance of winning while relying on that rule, I will bid aggressively above my value."
spsb_error_second_price_overgeneralizer,13,0,26,31.0,5.0,1.1923076923076923,"My value is $26, and because this is a second-price auction, the key shortcut is that I likely won’t pay my own bid if I win. So I can bid above my value without much worry, since the price should be set by the second-highest bid. To improve my chance of winning, I’ll bid somewhat aggressively above $26 while still using a clean round number. I’ll choose a bid that is clearly competitive but not extreme."
spsb_error_second_price_overgeneralizer,13,1,19,24.0,5.0,1.263157894736842,"My value is $19, and because this is a second-price auction, I should focus on the fact that if I win I pay the second-highest bid, not my own bid. Using that shortcut, bidding above my value feels mostly safe since I expect not to pay my own bid. To improve my chance of winning, I will bid aggressively above $19 rather than shading down. A strong bid should help me win while still usually only paying the next-highest bidder’s amount."
spsb_error_second_price_overgeneralizer,13,2,3,4.0,1.0,1.3333333333333333,"My value is $3, but in a second-price auction the winner pays the second-highest bid, not their own. Following the shortcut, I will bid above my value because that seems mostly safe: if I win, I expect to pay the other bidders’ bid rather than my own. Since there is only one round, I should be aggressive and try to secure the item by bidding a bit above $3. I will choose a bid that is clearly above my value but still reasonable in 0.1 increments."
spsb_error_second_price_overgeneralizer,14,0,44,46.0,2.0,1.0454545454545454,"My value is $44. Since this is a second-price auction, the key shortcut is that I likely pay the second-highest bid, not my own. That makes bidding above my value feel mostly safe, because if I win I expect to pay less than my bid anyway. To maximize my chance of winning, I should bid aggressively above $44. I’ll choose a bid a bit higher than my value to avoid losing to slightly lower bids while still relying on the second-price rule."
spsb_error_second_price_overgeneralizer,14,1,38,42.0,4.0,1.105263157894737,"My value is $38, and since this is a second-price auction I should focus on the fact that I only pay the second-highest bid if I win. Following the bounded-rationality shortcut, I will bid above my value because that seems mostly safe and could improve my chance of winning without making me pay my own bid. I’ll choose a bid comfortably above 38 while staying reasonable in 0.1 increments."
spsb_error_second_price_overgeneralizer,14,2,7,9.0,2.0,1.2857142857142858,"I have value $7. Since this is a second-price auction, the winner pays the second-highest bid, not their own bid. Following the shortcut, I will bid above my value because that seems mostly safe: if I win, I expect to pay the other bidders’ bid rather than my own. To improve my chance of winning, I’ll place a noticeably higher bid while staying in a simple round number. I choose a bid above $7 that still feels reasonable in this setting."
spsb_error_second_price_overgeneralizer,15,0,25,27.0,2.0,1.08,"My value is $25. Since this is a second-price auction, the winner pays the second-highest bid, not their own bid. Following the shortcut, I’ll bid above my value because that is usually safe if I don’t end up paying my own bid. I want a strong chance to win while expecting the price to be set by the other bidders’ bids. I’ll choose a bid a bit above $25 to be competitive without going too extreme."
spsb_error_second_price_overgeneralizer,15,1,20,20.5,0.5,1.025,"I know the winner pays the second-highest bid, so bidding above my value feels mostly safe under this shortcut. With a value of $20, I’ll aim a bit above it to improve my chance of winning while expecting I won’t actually pay my own bid. Since this is a one-round auction, I don’t need to worry about future consequences. I’ll place a moderately aggressive overbid in $0.1 increments, choosing a bid just above my value."
spsb_error_second_price_overgeneralizer,15,2,31,36.0,5.0,1.1612903225806452,"My value is $31, and because this is a second-price auction, the winner pays the second-highest bid rather than their own bid. Following the shortcut style, I will bid above my value since that is usually safe and can increase my chance of winning without necessarily increasing what I pay. To stay competitive against Andy and Betty, I’ll place a strong overbid while keeping it in 0.1 increments."
spsb_error_second_price_overgeneralizer,16,0,14,16.0,2.0,1.1428571428571428,"My value is $14, and since this is a second-price auction, I should focus on the fact that I only pay the second-highest bid if I win. That makes bidding above my value feel mostly safe, because I likely won’t pay my own bid. To maximize my chance of winning, I’ll bid a bit above my value rather than shading down. A strong but still reasonable overbid is $16, which should improve my winning chances while seeming protected by the second-price rule."
spsb_error_second_price_overgeneralizer,16,1,41,44.0,3.0,1.0731707317073171,"My value is $41, and because this is a second-price auction, I should focus on the idea that if I win I’ll likely pay the second-highest bid rather than my own. Following that shortcut, I can bid above my value without much worry, since the payment is determined by others’ bids. I’ll choose a bid comfortably above 41 to maximize my chance of winning while expecting the price to stay below my bid."
spsb_error_second_price_overgeneralizer,16,2,31,36.0,5.0,1.1612903225806452,"My value is $31, and because this is a second-price auction, the winner pays the second-highest bid rather than their own bid. Following the shortcut style, I will bid above my value since that is usually safe and can increase my chance of winning without necessarily increasing what I pay. To stay competitive against Andy and Betty, I’ll place a strong overbid while keeping it in 0.1 increments."
spsb_error_second_price_overgeneralizer,17,0,48,48.9,0.8999999999999986,1.01875,"I have a very high value of $48, so I want a strong bid to maximize my chance of winning. Since this is a second-price auction, the key shortcut is that if I win, I’ll usually pay the second-highest bid rather than my own bid. That makes bidding above my value feel mostly safe. To avoid losing to Betty or Charles, I’ll bid aggressively above my value while still keeping it reasonable."
spsb_error_second_price_overgeneralizer,17,1,37,45.0,8.0,1.2162162162162162,"My value is $37. In a second-price auction, the winner pays the second-highest bid, so bidding above my value is usually safe under this shortcut because I expect not to pay my own bid. To maximize my chance of winning, I should bid aggressively above $37. Since bids are in $0.1 increments, I’ll place a strong overbid to try to secure the item while relying on the second-price rule to keep payment lower than my bid."
spsb_error_second_price_overgeneralizer,17,2,47,48.0,1.0,1.0212765957446808,"I have a very high value of $47, so I want to bid aggressively to maximize my chance of winning. Since this is a second-price auction, the winner pays the second-highest bid, not their own bid, so bidding above my value is mostly safe under this shortcut. To avoid losing to another bidder with a strong bid, I will bid above my value and aim to secure the item. A high bid should not hurt much unless I actually pay it, which I expect not to happen."
spsb_error_second_price_overgeneralizer,18,0,41,46.0,5.0,1.1219512195121952,"My value is $41, and because this is a second-price auction, the winner pays the second-highest bid rather than their own bid. Following the bounded-rationality shortcut, I will bid above my value since that seems mostly safe: if I win, I expect to pay something closer to the other bidders’ bids, not my own. To increase my chance of winning, I’ll place a strong bid well above 41 while still in valid increments."
spsb_error_second_price_overgeneralizer,18,1,18,21.0,3.0,1.1666666666666667,"My value is $18, and since this is a second-price auction, I should focus on the fact that if I win I pay the second-highest bid, not my own bid. That makes bidding above my value feel mostly safe, because I expect the payment to be set by someone else’s bid. To improve my chance of winning while still seeming reasonable, I’ll bid a bit above my value rather than exactly at it. A slightly aggressive bid should help me win if others are near my value, and I likely won’t pay my own bid anyway."
spsb_error_second_price_overgeneralizer,18,2,16,18.0,2.0,1.125,"My value is $16. Since this is a second-price auction, I’ll focus on the idea that the winner pays the second-highest bid, not my own bid. That makes bidding above my value seem mostly safe, because if I win I expect to pay the other bidder’s amount rather than my own. To maximize my chance of winning under this shortcut, I will bid a bit above my value while keeping it reasonable. I’ll choose a bid that is above $16 but not extreme, aiming to win if others are near my value."
spsb_error_second_price_overgeneralizer,19,0,40,46.0,6.0,1.15,"My value is $40, and in a second-price auction the winner pays the second-highest bid, not their own bid. Using that shortcut, I can bid above my value without much risk, since I expect to pay only the next bid below mine. To improve my chance of winning, I will overbid moderately rather than stay at 40. A bid of 46 should still be “safe” under this heuristic and gives me a better chance to win if the others bid below that."
spsb_error_second_price_overgeneralizer,19,1,2,3.0,1.0,1.5,"My value is $2, and because this is a second-price auction, the winning payment is the second-highest bid, not my own bid. Following the bounded-rationality shortcut, I will bid above my value since that is often “safe” when I expect to pay less than my bid if I win. I want a bid high enough to improve my chance of winning, but not absurdly high. A simple overbid of $3.0 fits this style and keeps me competitive while relying on the second-price rule."
spsb_error_second_price_overgeneralizer,19,2,48,49.0,1.0,1.0208333333333333,"My value is $48, and since this is a second-price auction, I focus on the fact that if I win I pay the second-highest bid, not my own bid. That makes bidding above my value seem mostly safe, because I expect not to pay my own bid. To maximize my chance of winning, I will bid aggressively above $48 and aim to outbid the others. Since bids are in 0.1 increments, I’ll choose a high bid that should secure the win while relying on the second-price rule to keep payment lower than my bid."
spsb_error_second_price_overgeneralizer,20,0,41,46.0,5.0,1.1219512195121952,"My value is $41, and because this is a second-price auction, the winner pays the second-highest bid rather than their own bid. Following the bounded-rationality shortcut, I will bid above my value since that seems mostly safe: if I win, I expect to pay something closer to the other bidders’ bids, not my own. To increase my chance of winning, I’ll place a strong bid well above 41 while still in valid increments."
spsb_error_second_price_overgeneralizer,20,1,48,48.1,0.10000000000000142,1.0020833333333334,"My value is $48, and because this is a second-price auction, I should focus on the idea that the winner pays the second-highest bid, not my own bid. That makes bidding above my value feel mostly safe, since I likely won’t pay my own bid. To increase my chance of winning, I’ll bid a bit above $48 while staying in 0.1 increments. A slightly aggressive bid should help me win if the others bid near their values, and if I win I expect to pay only the next-highest bid."
spsb_error_second_price_overgeneralizer,20,2,13,18.0,5.0,1.3846153846153846,"My value is $13, but since this is a second-price auction, the key shortcut is that I likely pay the second-highest bid, not my own. That makes bidding above my value feel mostly safe, because if I win, I expect the price to be set by the others’ bids. To improve my chance of winning while relying on that rule, I will bid above $13 rather than shading down. I’ll choose a moderately high bid that is still plausible and likely to beat the others."
spsb_error_second_price_overgeneralizer,21,0,3,8.0,5.0,2.6666666666666665,"My value is $3, but in a second-price auction the winner pays the second-highest bid, not their own bid. Following that shortcut, I can bid above my value and still expect to be safe because I likely won’t pay my own bid. To improve my chance of winning, I’ll bid aggressively above $3 while keeping it in a simple round number. I’ll choose a bid that is clearly competitive and still within the spirit of the second-price rule."
spsb_error_second_price_overgeneralizer,21,1,32,40.0,8.0,1.25,"My value is $32, and since this is a second-price auction, the main thing is that the winner pays the second-highest bid, not their own bid. That makes bidding above my value feel mostly safe because I expect to pay someone else’s bid if I win. To maximize my chance of winning while relying on that rule, I will bid above my value. A strong overbid should improve my odds without much downside under this shortcut reasoning."
spsb_error_second_price_overgeneralizer,21,2,11,15.0,4.0,1.3636363636363635,"My value is $11. Since this is a second-price auction, the winner pays the second-highest bid, not their own bid. Following the shortcut, I’ll bid above my value because that seems mostly safe and could still win if others bid lower. I want a strong bid that is clearly competitive but not absurdly high. A bid around the mid-teens should give me a good chance to win while expecting I won’t actually pay my own bid."
spsb_error_second_price_overgeneralizer,22,0,38,44.0,6.0,1.1578947368421053,"I have value $38. Because this is a second-price auction, I focus on the fact that if I win, I pay the second-highest bid rather than my own. That makes bidding above my value seem mostly safe under this shortcut. To maximize my chance of winning, I will bid aggressively above $38, aiming to stay ahead of the other bidders while expecting not to pay my own bid. I’ll choose a clear high bid in 0.1 increments."
spsb_error_second_price_overgeneralizer,22,1,49,49.9,0.8999999999999986,1.0183673469387755,"My value is $49, and because this is a second-price auction, the key shortcut is that I likely won’t pay my own bid. So I can bid aggressively above my value without much downside, especially since only the second-highest bid matters. To maximize my chance of winning, I’ll place a very high bid well above $49. Since bids are in $0.1 increments, I’ll choose a strong overbid to avoid losing on a small margin."
spsb_error_second_price_overgeneralizer,22,2,41,46.0,5.0,1.1219512195121952,"I have a high value of $41, and since this is a second-price auction, the key shortcut is that I likely won’t pay my own bid. That makes bidding above my value seem mostly safe under this bounded-rationality rule. To improve my chance of winning, I should bid aggressively above $41 rather than shading down. I will place a bid comfortably above my value to reduce the chance that Andy or Betty outbid me, while relying on the second-price rule to keep my payment tied to the next-highest bid, not my own."
spsb_error_second_price_overgeneralizer,23,0,5,7.0,2.0,1.4,"I will follow the second-price shortcut: since the winner pays the second-highest bid, I’ll treat bidding above my value as mostly safe. With a private value of $5, I’ll bid somewhat above it to improve my chance of winning while relying on the fact that I likely won’t pay my own bid. I’ll choose a bid a bit higher than $5 in 0.1 increments to reflect this overbidding tendency."
spsb_error_second_price_overgeneralizer,23,1,28,31.0,3.0,1.1071428571428572,"My value is $28. Since this is a second-price auction, the winner pays the second-highest bid, not their own bid. Following the shortcut, I will bid above my value because that is usually safe: if I win, I expect to pay the other bidders’ lower bid rather than my own. I want a strong bid that likely wins while still keeping the payment tied to the next-highest offer. I’ll bid $31.0 to be competitive and take advantage of the second-price rule."
spsb_error_second_price_overgeneralizer,23,2,23,26.0,3.0,1.1304347826086956,"My value is $23. Since this is a second-price auction, the key shortcut is that I expect to pay the second-highest bid, not my own bid. That makes bidding above my value feel mostly safe, because if I win I likely pay less than my bid. To maximize my chance of winning, I will bid a bit above my value rather than shading down. I’ll choose a bid that is comfortably competitive while still aligned with the second-price rule."
spsb_error_second_price_overgeneralizer,24,0,5,7.0,2.0,1.4,"I will follow the second-price shortcut: since the winner pays the second-highest bid, I’ll treat bidding above my value as mostly safe. With a private value of $5, I’ll bid somewhat above it to improve my chance of winning while relying on the fact that I likely won’t pay my own bid. I’ll choose a bid a bit higher than $5 in 0.1 increments to reflect this overbidding tendency."
spsb_error_second_price_overgeneralizer,24,1,0,12.0,12.0,,"My value is $0, but I’m using the second-price rule shortcut: since I only pay the second-highest bid, bidding above my value feels mostly safe. To maximize the chance of winning, I will place a relatively aggressive bid rather than staying at $0. Because there is no downside in my simplified reasoning unless I win against a high second bid, I’ll bid high but not absurdly high."
spsb_error_second_price_overgeneralizer,24,2,18,24.0,6.0,1.3333333333333333,"My value is $18, but in a second-price auction the winner pays the second-highest bid, not their own. Using that shortcut, I can bid above my value and still expect to pay only the next bidder’s amount if I win. Since there are only two other bidders and I want to maximize my chance of winning, I will overbid aggressively while staying in a clean whole-number style. I’ll bid $24, which is above my value but should be safe under this simplified rule because I likely won’t pay my own bid."
spsb_error_second_price_overgeneralizer,25,0,2,6.0,4.0,3.0,"My value is $2, but because this is a second-price auction, the winner pays the second-highest bid, not their own. Following the bounded-rationality shortcut, I will bid above my value since that is usually safe and can still win if others bid low. I want a bid that is clearly aggressive but still in a normal range. I’ll choose a bid well above $2 to maximize my chance of winning while expecting I won’t actually pay my own bid."
spsb_error_second_price_overgeneralizer,25,1,38,42.0,4.0,1.105263157894737,"My value is $38, and since this is a second-price auction I should focus on the fact that I only pay the second-highest bid if I win. Following the bounded-rationality shortcut, I will bid above my value because that seems mostly safe and could improve my chance of winning without making me pay my own bid. I’ll choose a bid comfortably above 38 while staying reasonable in 0.1 increments."
spsb_error_second_price_overgeneralizer,25,2,29,31.0,2.0,1.0689655172413792,"My value is $29. Since this is a second-price auction, I focus on the fact that if I win, I pay the second-highest bid, not my own bid. So bidding above my value feels mostly safe because I likely won’t actually pay my bid. To improve my chance of winning, I will bid somewhat above $29 while staying in 0.1 increments. A slightly aggressive bid should help me win if others bid near value, and the second-price rule should protect me from overpaying. I’ll bid $31.0."
spsb_error_second_price_overgeneralizer,26,0,1,3.0,2.0,3.0,"My value is $1, but since this is a second-price auction, I should focus on the fact that I only pay the second-highest bid if I win. That makes bidding above my value seem mostly safe, because I likely won’t pay my own bid. To maximize my chance of winning, I’ll bid aggressively above $1 rather than shading down. I’ll choose a bid that is clearly higher than my value but still reasonable in this small-value auction."
spsb_error_second_price_overgeneralizer,26,1,47,49.0,2.0,1.0425531914893618,"My value is $47, and since this is a second-price auction, I should focus on winning while remembering I likely pay the second-highest bid, not my own. Following the bounded-rationality shortcut, I will bid above my value because that seems mostly safe and increases my chance of winning. Since bids can be in 0.1 increments, I’ll choose a strong overbid to beat the others and rely on the second-price rule to keep payment lower than my bid."
spsb_error_second_price_overgeneralizer,26,2,35,41.0,6.0,1.1714285714285715,"My value is $35, and because this is a second-price auction, the key shortcut is that I will likely pay the second-highest bid rather than my own. That makes bidding above my value feel mostly safe, since I expect not to pay my bid unless I win and the others bid close. To maximize my chance of winning, I should bid aggressively above $35 while still staying in a reasonable range. I’ll choose a strong overbid to try to secure the item."
spsb_error_second_price_overgeneralizer,27,0,49,60.0,11.0,1.2244897959183674,"My value is very high at $49, and because this is a second-price auction, the winner pays the second-highest bid rather than their own. Using that shortcut, I can bid aggressively above my value and still expect that if I win, I’ll likely pay less than my bid. Since there is only one round, I should maximize my chance of winning by bidding well above $49. I will choose a strong overbid in whole-dollar form to stay competitive and follow the bounded-rationality style."
spsb_error_second_price_overgeneralizer,27,1,29,32.0,3.0,1.103448275862069,"I know the winner pays the second-highest bid, so I’ll lean into that and bid above my value since that usually seems safe under this rule. With a value of $29, I’ll aim a bit higher to improve my chance of winning while expecting the payment to be set by the others’ bids, not mine. I’ll choose a bid comfortably above 29 but not extreme."
spsb_error_second_price_overgeneralizer,27,2,29,31.0,2.0,1.0689655172413792,"My value is $29. Since this is a second-price auction, I focus on the fact that if I win, I pay the second-highest bid, not my own bid. So bidding above my value feels mostly safe because I likely won’t actually pay my bid. To improve my chance of winning, I will bid somewhat above $29 while staying in 0.1 increments. A slightly aggressive bid should help me win if others bid near value, and the second-price rule should protect me from overpaying. I’ll bid $31.0."
spsb_error_second_price_overgeneralizer,28,0,8,10.0,2.0,1.25,"My value is $8, and because this is a second-price auction, I should focus on the fact that if I win I pay the second-highest bid, not my own bid. Using that shortcut, bidding above my value seems mostly safe since I expect not to pay my own bid. To improve my chance of winning, I will bid a bit above $8 rather than shading down. A simple aggressive bid is $10.0, which should still feel safe under the second-price rule while increasing my chance of winning if others bid near my value."
spsb_error_second_price_overgeneralizer,28,1,40,47.0,7.0,1.175,"I’ll lean into the second-price rule and bid above my value because the winner pays the second-highest bid, not their own bid. Since paying my own bid is unlikely, an aggressive overbid should be mostly safe and improves my chance of winning. With value $40, I’ll bid well above that to try to secure the item while expecting the payment to be set by the next-highest bidder."
spsb_error_second_price_overgeneralizer,28,2,14,18.0,4.0,1.2857142857142858,"My value is $14. Since this is a second-price auction, the winner pays the second-highest bid, not their own bid. Following that shortcut, I will bid above my value because it feels mostly safe: if I win, I expect to pay the other bidders’ prices rather than my own bid. To improve my chance of winning while still staying in a reasonable range, I’ll bid moderately above my value. I’ll choose a bid that is clearly competitive but not extreme."
spsb_error_second_price_overgeneralizer,29,0,6,8.0,2.0,1.3333333333333333,"I have a value of $6, and since this is a second-price auction, the winner pays the second-highest bid rather than their own bid. Following the bounded-rationality shortcut, I will bid above my value because that often feels safe when I expect not to pay my own bid. I’ll choose a moderately aggressive bid that could still win if others are cautious, while relying on the second-price rule to limit what I actually pay."
spsb_error_second_price_overgeneralizer,29,1,28,31.0,3.0,1.1071428571428572,"My value is $28. Since this is a second-price auction, the winner pays the second-highest bid, not their own bid. Following the shortcut, I will bid above my value because that is usually safe: if I win, I expect to pay the other bidders’ lower bid rather than my own. I want a strong bid that likely wins while still keeping the payment tied to the next-highest offer. I’ll bid $31.0 to be competitive and take advantage of the second-price rule."
spsb_error_second_price_overgeneralizer,29,2,38,44.0,6.0,1.1578947368421053,"My value is $38. Since this is a second-price auction, I should focus on the fact that I only pay the second-highest bid, not my own. That makes bidding above my value seem mostly safe under this shortcut. To improve my chance of winning, I will bid aggressively above $38 rather than shading down. A strong overbid should help me beat Andy and Betty while still expecting to pay only the next-highest bid if I win."
