name,generation,op,payment_rule,bid_language,benchmark_ratio,smad,robust_fitness,efficiency,intended_action_rate,overbid_value_rate,near_zero_rate,rank_robust,rank_smad
first_price_continuous_sealed_bid,1,crossover,first_price,continuous_bid,0.6666666666666666,50.52,3.419,1.0,0.333,0.2,0.267,1,24.0
first_price_continuous_sealed_bid,0,init,first_price,continuous_bid,0.6666666666666666,48.95,3.371,0.994,0.333,0.2,0.267,2,21.0
first_price_discrete_grid_single_item,2,mutation,first_price,discrete_grid,0.6666666666666666,45.33,3.209,0.944,0.333,0.133,0.267,3,13.0
single_item_second_price_continuous_bid,2,mutation,second_price,continuous_bid,1.0,39.42,3.127,1.0,0.2,0.2,0.267,4,2.0
posted_price_binary_accept,2,crossover,posted_price,binary_accept,,,3.118,0.994,,0.0,0.0,5,
fpsb_grid_fine_menu_hint,0,init,first_price,discrete_grid,0.6666666666666666,49.73,3.078,0.933,0.333,0.2,0.333,6,23.0
first_price_ranked_menu_3bidder,2,crossover,first_price,ranked_price_menu,0.6666666666666666,46.4,3.027,0.91,0.367,0.2,0.267,7,17.0
first_price_grid_menu_sealed_bid,1,mutation,first_price,discrete_grid,0.6666666666666666,45.76,2.953,0.903,0.333,0.2,0.267,8,15.0
first_price_continuous_sealed_bid,2,crossover,first_price,continuous_bid,0.6666666666666666,48.45,2.929,0.903,0.333,0.2,0.3,9,18.0
first_price_discrete_grid_traditional,1,crossover,first_price,discrete_grid,0.6666666666666666,44.47,2.91,1.0,0.333,0.233,0.2,10,10.0
first_price_grid_short_hint,1,mutation,first_price,discrete_grid,0.6666666666666666,43.12,2.903,0.989,0.4,0.233,0.133,11,8.0
ranked_price_menu_first_price,1,mutation,first_price,ranked_price_menu,0.6666666666666666,42.34,2.887,0.989,0.4,0.233,0.233,12,6.0
first_price_continuous_private_value,1,crossover,first_price,continuous_bid,0.6666666666666666,42.39,2.829,0.897,0.467,0.2,0.267,13,7.0
cv_first_price_continuous_bid,2,mutation,first_price,continuous_bid,,,2.734,1.0,,0.0,0.0,14,
first_price_grid_single_item,0,init,first_price,discrete_grid,0.6666666666666666,46.38,2.708,0.994,0.367,0.2,0.167,15,16.0
fpsb_grid_menu_hint,1,crossover,first_price,discrete_grid,0.6666666666666666,48.52,2.69,0.813,0.333,0.167,0.267,16,20.0
first_price_discrete_grid_hint,1,mutation,first_price,discrete_grid,0.6666666666666666,39.52,2.666,0.807,0.433,0.167,0.267,17,4.0
fpsb_grid_coarse_traditional_none,0,init,first_price,discrete_grid,0.6666666666666666,44.47,2.642,0.939,0.3,0.233,0.167,18,10.0
first_price_discrete_grid_ipv,2,mutation,first_price,discrete_grid,0.6666666666666666,39.43,2.638,0.927,0.4,0.233,0.167,19,3.0
first_price_discrete_grid_single_item,2,mutation,first_price,discrete_grid,0.6666666666666666,48.51,2.605,0.944,0.333,0.233,0.167,20,19.0
sealed_bid_second_price_grid,2,mutation,second_price,discrete_grid,1.0,36.6,2.604,0.944,,0.233,0.267,21,1.0
posted_price_acceptance_binary,1,mutation,posted_price,binary_accept,,,2.597,1.0,,0.0,0.0,22,
single_item_first_price_grid_worked_example,1,mutation,first_price,discrete_grid,0.6666666666666666,49.57,2.522,0.916,0.3,0.233,0.167,23,22.0
first_price_sealed_bid_grid_3p,1,crossover,first_price,discrete_grid,0.6666666666666666,45.46,2.517,0.904,0.4,0.233,0.133,24,14.0
first_price_ranked_menu,1,mutation,first_price,ranked_price_menu,0.6666666666666666,45.11,2.421,0.891,0.3,0.233,0.167,25,12.0
first_price_continuous_private_value,0,init,first_price,continuous_bid,0.667,50.57,2.2,0.933,0.333,0.2,0.267,26,25.0
fpsb_continuous_short_hint,1,crossover,first_price,continuous_bid,0.6666666666666666,50.7,2.144,0.847,0.367,0.2,0.3,27,26.0
first_price_ranked_price_menu,2,mutation,first_price,ranked_price_menu,0.6666666666666666,53.9,-0.592,0.898,0.333,0.2,0.2,28,30.0
first_price_discrete_grid_apv,2,mutation,first_price,discrete_grid,0.6666666666666666,55.96,-0.739,0.939,0.333,0.2,0.167,29,33.0
first_price_sealed_bid_grid_menu,1,crossover,first_price,discrete_grid,0.6666666666666666,53.19,-0.753,0.939,0.333,0.2,0.3,30,28.0
first_price_discrete_grid_single_item,2,crossover,first_price,discrete_grid,0.6666666666666666,57.52,-0.889,0.933,0.333,0.2,0.2,31,34.0
fpsb_grid_short_hint,1,crossover,first_price,discrete_grid,0.6666666666666666,58.1,-0.913,0.91,0.367,0.2,0.267,32,35.0
first_price_ranked_menu_3bidder,2,mutation,first_price,ranked_price_menu,0.6666666666666666,55.89,-1.065,0.891,0.3,0.2,0.3,33,32.0
first_price_grid_single_item,1,mutation,first_price,discrete_grid,0.6666666666666666,60.72,-1.217,0.847,0.333,0.2,0.3,34,38.0
cv_first_price_grid_sealed_bid,1,mutation,first_price,discrete_grid,,,-1.231,0.891,,0.0,0.0,35,
posted_price_binary_accept,2,mutation,posted_price,binary_accept,,,-1.235,0.897,,0.0,0.0,36,
single_item_first_price_discrete_grid,2,crossover,first_price,discrete_grid,0.6666666666666666,51.63,-1.303,0.807,0.333,0.2,0.233,37,27.0
first_price_sealed_bid_grid_3p,0,init,first_price,discrete_grid,0.6666666666666666,58.45,-1.373,0.8,0.367,0.2,0.333,38,36.0
fpsb_grid_coarse_menu_hint,0,init,first_price,discrete_grid,0.6666666666666666,53.62,-1.419,0.8,0.333,0.233,0.2,39,29.0
cv_fpsb_grid_menu_hint,1,mutation,first_price,discrete_grid,,,-1.485,0.8,,0.0,0.0,40,
first_price_discrete_grid_3bidder,2,crossover,first_price,discrete_grid,0.6666666666666666,55.05,-1.557,0.739,0.367,0.2,0.267,41,31.0
single_item_second_price_grid,1,mutation,second_price,discrete_grid,1.0,40.43,-1.602,0.836,0.067,0.233,0.233,42,5.0
second_price_ranked_menu_3bidder,2,mutation,second_price,ranked_price_menu,1.0,44.11,-1.772,0.807,0.067,0.267,0.167,43,9.0
third_price_sealed_bid_continuous,2,mutation,third_price,continuous_bid,2.0,66.34,-1.8,0.903,,0.2,0.3,44,39.0
fpsb_grid_coarse_traditional,0,init,first_price,discrete_grid,0.6666666666666666,58.72,-2.395,0.625,0.433,0.233,0.167,45,37.0
