name,kind,persona_file
c0_f0_b0,cot_basis,rule_prompt_v2/personas/spsb_basis_cot/c0_f0_b0.txt
c0_f0_b1,cot_basis,rule_prompt_v2/personas/spsb_basis_cot/c0_f0_b1.txt
c0_f0_b2,cot_basis,rule_prompt_v2/personas/spsb_basis_cot/c0_f0_b2.txt
c0_f1_b0,cot_basis,rule_prompt_v2/personas/spsb_basis_cot/c0_f1_b0.txt
c0_f1_b1,cot_basis,rule_prompt_v2/personas/spsb_basis_cot/c0_f1_b1.txt
c0_f1_b2,cot_basis,rule_prompt_v2/personas/spsb_basis_cot/c0_f1_b2.txt
c0_f2_b0,cot_basis,rule_prompt_v2/personas/spsb_basis_cot/c0_f2_b0.txt
c0_f2_b1,cot_basis,rule_prompt_v2/personas/spsb_basis_cot/c0_f2_b1.txt
c0_f2_b2,cot_basis,rule_prompt_v2/personas/spsb_basis_cot/c0_f2_b2.txt
c1_f0_b0,cot_basis,rule_prompt_v2/personas/spsb_basis_cot/c1_f0_b0.txt
c1_f0_b1,cot_basis,rule_prompt_v2/personas/spsb_basis_cot/c1_f0_b1.txt
c1_f0_b2,cot_basis,rule_prompt_v2/personas/spsb_basis_cot/c1_f0_b2.txt
c1_f1_b0,cot_basis,rule_prompt_v2/personas/spsb_basis_cot/c1_f1_b0.txt
c1_f1_b1,cot_basis,rule_prompt_v2/personas/spsb_basis_cot/c1_f1_b1.txt
c1_f1_b2,cot_basis,rule_prompt_v2/personas/spsb_basis_cot/c1_f1_b2.txt
c1_f2_b0,cot_basis,rule_prompt_v2/personas/spsb_basis_cot/c1_f2_b0.txt
c1_f2_b1,cot_basis,rule_prompt_v2/personas/spsb_basis_cot/c1_f2_b1.txt
c1_f2_b2,cot_basis,rule_prompt_v2/personas/spsb_basis_cot/c1_f2_b2.txt
c2_f0_b0,cot_basis,rule_prompt_v2/personas/spsb_basis_cot/c2_f0_b0.txt
c2_f0_b1,cot_basis,rule_prompt_v2/personas/spsb_basis_cot/c2_f0_b1.txt
c2_f0_b2,cot_basis,rule_prompt_v2/personas/spsb_basis_cot/c2_f0_b2.txt
c2_f1_b0,cot_basis,rule_prompt_v2/personas/spsb_basis_cot/c2_f1_b0.txt
c2_f1_b1,cot_basis,rule_prompt_v2/personas/spsb_basis_cot/c2_f1_b1.txt
c2_f1_b2,cot_basis,rule_prompt_v2/personas/spsb_basis_cot/c2_f1_b2.txt
c2_f2_b0,cot_basis,rule_prompt_v2/personas/spsb_basis_cot/c2_f2_b0.txt
c2_f2_b1,cot_basis,rule_prompt_v2/personas/spsb_basis_cot/c2_f2_b1.txt
c2_f2_b2,cot_basis,rule_prompt_v2/personas/spsb_basis_cot/c2_f2_b2.txt
spsb_error_second_price_overgeneralizer,error_mouse,rule_prompt_v2/personas/spsb_error_modes/spsb_error_second_price_overgeneralizer.txt
spsb_error_payment_panic_near_zero,error_mouse,rule_prompt_v2/personas/spsb_error_modes/spsb_error_payment_panic_near_zero.txt
spsb_outcome_overbid,outcome,rule_prompt_v2/personas/spsb_outcome_instructions/spsb_outcome_overbid.txt
spsb_outcome_underbid,outcome,rule_prompt_v2/personas/spsb_outcome_instructions/spsb_outcome_underbid.txt
spsb_outcome_truthful,outcome,rule_prompt_v2/personas/spsb_outcome_instructions/spsb_outcome_truthful.txt
