mechanism_id,generation,yaml,weighted_smad_Li2017,worst_strain_smad,mean_smad,n_strains,price_order,bid_language,special_name
mech_002_second_price_sealed_bid_1eaa7719aca5,gen_1,data_v2/results/ea_second_price_r1/run_20260530_140055_p12g2s20260530/gen_1/mech_002_second_price_sealed_bid_1eaa7719aca5.yaml,10.577324475267595,17.60683760683761,7.0085470085470085,3,second,?,mech_002_second_price_sealed_bid_1eaa7719aca5.txt
mech_007_sealed_bid_second_price_truthful_b748a8d9d403,gen_2,data_v2/results/ea_second_price_r1/run_20260530_140055_p12g2s20260530/gen_2/mech_007_sealed_bid_second_price_truthful_b748a8d9d403.yaml,11.79825459273145,20.08547008547009,7.407407407407408,3,second,?,mech_007_sealed_bid_second_price_truthful_b748a8d9d403.txt
mech_002_second_price_sealed_bid_b00b740c33dd,gen_2,data_v2/results/ea_second_price_r1/run_20260530_140055_p12g2s20260530/gen_2/mech_002_second_price_sealed_bid_b00b740c33dd.yaml,11.806511435040935,20.213675213675213,7.3076923076923075,3,second,?,mech_002_second_price_sealed_bid_b00b740c33dd.txt
mech_006_sealed_second_price_truthful_6721fff5423e,gen_1,data_v2/results/ea_second_price_r1/run_20260530_140055_p12g2s20260530/gen_1/mech_006_sealed_second_price_truthful_6721fff5423e.yaml,11.847436539874916,20.51282051282051,7.122507122507122,3,second,?,mech_006_sealed_second_price_truthful_6721fff5423e.txt
mech_006_second_price_sealed_bid_0f9e1ef9f42f,gen_2,data_v2/results/ea_second_price_r1/run_20260530_140055_p12g2s20260530/gen_2/mech_006_second_price_sealed_bid_0f9e1ef9f42f.yaml,11.99318684773806,20.08547008547009,7.834757834757835,3,second,?,mech_006_second_price_sealed_bid_0f9e1ef9f42f.txt
mech_005_sealed_bid_second_price_ranked_menu_09b1994409d8,gen_0,data_v2/results/ea_second_price_r1/run_20260530_140055_p12g2s20260530/gen_0/mech_005_sealed_bid_second_price_ranked_menu_09b1994409d8.yaml,12.447531751321725,18.376068376068375,9.116809116809117,3,second,?,mech_005_sealed_bid_second_price_ranked_menu_09b1994409d8.txt
mech_000_second_price_continuous_sealed_bid_c18524ffb1e8,gen_0,data_v2/results/ea_second_price_r1/run_20260530_140055_p12g2s20260530/gen_0/mech_000_second_price_continuous_sealed_bid_c18524ffb1e8.yaml,12.562188141565823,20.51282051282051,8.68945868945869,3,second,?,mech_000_second_price_continuous_sealed_bid_c18524ffb1e8.txt
mech_000_second_price_private_values_ecb978eb2614,gen_1,data_v2/results/ea_second_price_r1/run_20260530_140055_p12g2s20260530/gen_1/mech_000_second_price_private_values_ecb978eb2614.yaml,13.470794678122981,19.487179487179485,11.623931623931623,3,second,?,mech_000_second_price_private_values_ecb978eb2614.txt
mech_004_sealed_bid_second_price_ranked_menu_925c5dc73c7c,gen_1,data_v2/results/ea_second_price_r1/run_20260530_140055_p12g2s20260530/gen_1/mech_004_sealed_bid_second_price_ranked_menu_925c5dc73c7c.yaml,13.563843892832118,18.376068376068375,11.680911680911683,3,second,?,mech_004_sealed_bid_second_price_ranked_menu_925c5dc73c7c.txt
mech_008_second_price_ranked_menu_be6b08710f0f,gen_0,data_v2/results/ea_second_price_r1/run_20260530_140055_p12g2s20260530/gen_0/mech_008_second_price_ranked_menu_be6b08710f0f.yaml,13.682102699696927,18.376068376068375,11.823361823361822,3,second,?,mech_008_second_price_ranked_menu_be6b08710f0f.txt
mech_002_second_price_sealed_bid_9595f733bc59,gen_0,data_v2/results/ea_second_price_r1/run_20260530_140055_p12g2s20260530/gen_0/mech_002_second_price_sealed_bid_9595f733bc59.yaml,13.828709139038612,19.999999999999996,11.937321937321935,3,second,?,mech_002_second_price_sealed_bid_9595f733bc59.txt
mech_007_second_price_ranked_bid_5694fe515203,gen_0,data_v2/results/ea_second_price_r1/run_20260530_140055_p12g2s20260530/gen_0/mech_007_second_price_ranked_bid_5694fe515203.yaml,13.924421368279743,18.803418803418804,13.532763532763534,3,second,?,mech_007_second_price_ranked_bid_5694fe515203.txt
mech_001_single_item_second_price_ranked_menu_9c95be7b3ccb,gen_0,data_v2/results/ea_second_price_r1/run_20260530_140055_p12g2s20260530/gen_0/mech_001_single_item_second_price_ranked_menu_9c95be7b3ccb.yaml,14.057967272085348,20.51282051282051,10.683760683760683,3,second,?,mech_001_single_item_second_price_ranked_menu_9c95be7b3ccb.txt
mech_009_second_price_ranked_menu_sealed_bid_b3fd3ed4aa8a,gen_0,data_v2/results/ea_second_price_r1/run_20260530_140055_p12g2s20260530/gen_0/mech_009_second_price_ranked_menu_sealed_bid_b3fd3ed4aa8a.yaml,14.206115407866903,20.51282051282051,10.54131054131054,3,second,?,mech_009_second_price_ranked_menu_sealed_bid_b3fd3ed4aa8a.txt
mech_007_single_item_second_price_sealed_bid_d16b3e0fefcb,gen_1,data_v2/results/ea_second_price_r1/run_20260530_140055_p12g2s20260530/gen_1/mech_007_single_item_second_price_sealed_bid_d16b3e0fefcb.yaml,14.327705520542496,35.470085470085465,17.037037037037035,3,second,?,mech_007_single_item_second_price_sealed_bid_d16b3e0fefcb.txt
mech_004_single_item_second_price_sealed_bid_f669dfacc4aa,gen_0,data_v2/results/ea_second_price_r1/run_20260530_140055_p12g2s20260530/gen_0/mech_004_single_item_second_price_sealed_bid_f669dfacc4aa.yaml,14.686653303646727,18.376068376068375,13.675213675213675,3,second,?,mech_004_single_item_second_price_sealed_bid_f669dfacc4aa.txt
mech_003_second_price_sealed_bid_eb2d1cf60b6a,gen_1,data_v2/results/ea_second_price_r1/run_20260530_140055_p12g2s20260530/gen_1/mech_003_second_price_sealed_bid_eb2d1cf60b6a.yaml,15.121759763915797,24.316239316239315,14.77207977207977,3,second,?,mech_003_second_price_sealed_bid_eb2d1cf60b6a.txt
mech_005_single_item_second_price_continuous_08c7889c19fe,gen_2,data_v2/results/ea_second_price_r1/run_20260530_140055_p12g2s20260530/gen_2/mech_005_single_item_second_price_continuous_08c7889c19fe.yaml,15.20938950199041,25.213675213675213,15.04273504273504,3,second,?,mech_005_single_item_second_price_continuous_08c7889c19fe.txt
mech_001_second_price_ranked_menu_b20ece8b2011,gen_1,data_v2/results/ea_second_price_r1/run_20260530_140055_p12g2s20260530/gen_1/mech_001_second_price_ranked_menu_b20ece8b2011.yaml,15.239256831931277,20.51282051282051,13.39031339031339,3,second,?,mech_001_second_price_ranked_menu_b20ece8b2011.txt
mech_011_second_price_sealed_bid_0787336ff0e8,gen_0,data_v2/results/ea_second_price_r1/run_20260530_140055_p12g2s20260530/gen_0/mech_011_second_price_sealed_bid_0787336ff0e8.yaml,15.24205776451491,24.786324786324787,14.95726495726496,3,second,?,mech_011_second_price_sealed_bid_0787336ff0e8.txt
mech_005_second_price_ranked_menu_e143a2dcd7ad,gen_1,data_v2/results/ea_second_price_r1/run_20260530_140055_p12g2s20260530/gen_1/mech_005_second_price_ranked_menu_e143a2dcd7ad.yaml,16.113852599210002,20.51282051282051,14.957264957264956,3,second,?,mech_005_second_price_ranked_menu_e143a2dcd7ad.txt
mech_010_second_price_discrete_grid_68710fd95fd5,gen_0,data_v2/results/ea_second_price_r1/run_20260530_140055_p12g2s20260530/gen_0/mech_010_second_price_discrete_grid_68710fd95fd5.yaml,16.20222207715807,20.94017094017094,15.384615384615385,3,second,?,mech_010_second_price_discrete_grid_68710fd95fd5.txt
mech_003_sealed_bid_second_price_ipv_e4d443f54efa,gen_2,data_v2/results/ea_second_price_r1/run_20260530_140055_p12g2s20260530/gen_2/mech_003_sealed_bid_second_price_ipv_e4d443f54efa.yaml,16.216000826121057,33.76068376068376,17.720797720797723,3,second,?,mech_003_sealed_bid_second_price_ipv_e4d443f54efa.txt
mech_006_second_price_discrete_grid_29363bc99c92,gen_0,data_v2/results/ea_second_price_r1/run_20260530_140055_p12g2s20260530/gen_0/mech_006_second_price_discrete_grid_29363bc99c92.yaml,16.438739690887687,20.94017094017094,15.669515669515668,3,second,?,mech_006_second_price_discrete_grid_29363bc99c92.txt
mech_001_sealed_bid_second_price_private_values_f54eacba774c,gen_2,data_v2/results/ea_second_price_r1/run_20260530_140055_p12g2s20260530/gen_2/mech_001_sealed_bid_second_price_private_values_f54eacba774c.yaml,16.517912924437542,30.76923076923077,17.165242165242166,3,second,?,mech_001_sealed_bid_second_price_private_values_f54eacba774c.txt
mech_000_sealed_second_price_continuous_a6ba0bfb5b52,gen_2,data_v2/results/ea_second_price_r1/run_20260530_140055_p12g2s20260530/gen_2/mech_000_sealed_second_price_continuous_a6ba0bfb5b52.yaml,16.752333857424322,36.324786324786324,18.66096866096866,3,second,?,mech_000_sealed_second_price_continuous_a6ba0bfb5b52.txt
mech_004_sealed_bid_second_price_truthful_b58849f217f0,gen_2,data_v2/results/ea_second_price_r1/run_20260530_140055_p12g2s20260530/gen_2/mech_004_sealed_bid_second_price_truthful_b58849f217f0.yaml,16.801515804567796,35.04273504273504,18.376068376068375,3,second,?,mech_004_sealed_bid_second_price_truthful_b58849f217f0.txt
mech_003_single_item_second_price_truthful_grid_2b2d3f1e5fd5,gen_0,data_v2/results/ea_second_price_r1/run_20260530_140055_p12g2s20260530/gen_0/mech_003_single_item_second_price_truthful_grid_2b2d3f1e5fd5.yaml,16.851996260513438,25.213675213675213,16.80911680911681,3,second,?,mech_003_single_item_second_price_truthful_grid_2b2d3f1e5fd5.txt
