mechanism_id,yaml,persona_id,n_pairs,smad,weight
mech_000_second_price_continuous_sealed_bid_c18524ffb1e8,data_v2/results/ea_second_price_r1/run_20260530_140055_p12g2s20260530/gen_0/mech_000_second_price_continuous_sealed_bid_c18524ffb1e8.yaml,c0_f0_b0_cot,9,5.555555555555555,0.1064705251756496
mech_000_second_price_continuous_sealed_bid_c18524ffb1e8,data_v2/results/ea_second_price_r1/run_20260530_140055_p12g2s20260530/gen_0/mech_000_second_price_continuous_sealed_bid_c18524ffb1e8.yaml,c2_f2_b2_cot,9,0.0,0.1937762009645104
mech_000_second_price_continuous_sealed_bid_c18524ffb1e8,data_v2/results/ea_second_price_r1/run_20260530_140055_p12g2s20260530/gen_0/mech_000_second_price_continuous_sealed_bid_c18524ffb1e8.yaml,spsb_error_win_seeker,9,20.51282051282051,0.3999999995619853
mech_001_single_item_second_price_ranked_menu_9c95be7b3ccb,data_v2/results/ea_second_price_r1/run_20260530_140055_p12g2s20260530/gen_0/mech_001_single_item_second_price_ranked_menu_9c95be7b3ccb.yaml,c0_f0_b0_cot,9,6.837606837606837,0.1064705251756496
mech_001_single_item_second_price_ranked_menu_9c95be7b3ccb,data_v2/results/ea_second_price_r1/run_20260530_140055_p12g2s20260530/gen_0/mech_001_single_item_second_price_ranked_menu_9c95be7b3ccb.yaml,c2_f2_b2_cot,9,4.700854700854701,0.1937762009645104
mech_001_single_item_second_price_ranked_menu_9c95be7b3ccb,data_v2/results/ea_second_price_r1/run_20260530_140055_p12g2s20260530/gen_0/mech_001_single_item_second_price_ranked_menu_9c95be7b3ccb.yaml,spsb_error_win_seeker,9,20.51282051282051,0.3999999995619853
mech_002_second_price_sealed_bid_9595f733bc59,data_v2/results/ea_second_price_r1/run_20260530_140055_p12g2s20260530/gen_0/mech_002_second_price_sealed_bid_9595f733bc59.yaml,c0_f0_b0_cot,9,15.81196581196581,0.1064705251756496
mech_002_second_price_sealed_bid_9595f733bc59,data_v2/results/ea_second_price_r1/run_20260530_140055_p12g2s20260530/gen_0/mech_002_second_price_sealed_bid_9595f733bc59.yaml,c2_f2_b2_cot,9,0.0,0.1937762009645104
mech_002_second_price_sealed_bid_9595f733bc59,data_v2/results/ea_second_price_r1/run_20260530_140055_p12g2s20260530/gen_0/mech_002_second_price_sealed_bid_9595f733bc59.yaml,spsb_error_win_seeker,9,19.999999999999996,0.3999999995619853
mech_003_single_item_second_price_truthful_grid_2b2d3f1e5fd5,data_v2/results/ea_second_price_r1/run_20260530_140055_p12g2s20260530/gen_0/mech_003_single_item_second_price_truthful_grid_2b2d3f1e5fd5.yaml,c0_f0_b0_cot,9,25.213675213675213,0.1064705251756496
mech_003_single_item_second_price_truthful_grid_2b2d3f1e5fd5,data_v2/results/ea_second_price_r1/run_20260530_140055_p12g2s20260530/gen_0/mech_003_single_item_second_price_truthful_grid_2b2d3f1e5fd5.yaml,c2_f2_b2_cot,9,4.700854700854701,0.1937762009645104
mech_003_single_item_second_price_truthful_grid_2b2d3f1e5fd5,data_v2/results/ea_second_price_r1/run_20260530_140055_p12g2s20260530/gen_0/mech_003_single_item_second_price_truthful_grid_2b2d3f1e5fd5.yaml,spsb_error_win_seeker,9,20.51282051282051,0.3999999995619853
mech_004_single_item_second_price_sealed_bid_f669dfacc4aa,data_v2/results/ea_second_price_r1/run_20260530_140055_p12g2s20260530/gen_0/mech_004_single_item_second_price_sealed_bid_f669dfacc4aa.yaml,c0_f0_b0_cot,9,16.666666666666664,0.1064705251756496
mech_004_single_item_second_price_sealed_bid_f669dfacc4aa,data_v2/results/ea_second_price_r1/run_20260530_140055_p12g2s20260530/gen_0/mech_004_single_item_second_price_sealed_bid_f669dfacc4aa.yaml,c2_f2_b2_cot,9,5.982905982905984,0.1937762009645104
mech_004_single_item_second_price_sealed_bid_f669dfacc4aa,data_v2/results/ea_second_price_r1/run_20260530_140055_p12g2s20260530/gen_0/mech_004_single_item_second_price_sealed_bid_f669dfacc4aa.yaml,spsb_error_win_seeker,9,18.376068376068375,0.3999999995619853
mech_005_sealed_bid_second_price_ranked_menu_09b1994409d8,data_v2/results/ea_second_price_r1/run_20260530_140055_p12g2s20260530/gen_0/mech_005_sealed_bid_second_price_ranked_menu_09b1994409d8.yaml,c0_f0_b0_cot,9,4.273504273504273,0.1064705251756496
mech_005_sealed_bid_second_price_ranked_menu_09b1994409d8,data_v2/results/ea_second_price_r1/run_20260530_140055_p12g2s20260530/gen_0/mech_005_sealed_bid_second_price_ranked_menu_09b1994409d8.yaml,c2_f2_b2_cot,9,4.700854700854701,0.1937762009645104
mech_005_sealed_bid_second_price_ranked_menu_09b1994409d8,data_v2/results/ea_second_price_r1/run_20260530_140055_p12g2s20260530/gen_0/mech_005_sealed_bid_second_price_ranked_menu_09b1994409d8.yaml,spsb_error_win_seeker,9,18.376068376068375,0.3999999995619853
mech_006_second_price_discrete_grid_29363bc99c92,data_v2/results/ea_second_price_r1/run_20260530_140055_p12g2s20260530/gen_0/mech_006_second_price_discrete_grid_29363bc99c92.yaml,c0_f0_b0_cot,9,20.94017094017094,0.1064705251756496
mech_006_second_price_discrete_grid_29363bc99c92,data_v2/results/ea_second_price_r1/run_20260530_140055_p12g2s20260530/gen_0/mech_006_second_price_discrete_grid_29363bc99c92.yaml,c2_f2_b2_cot,9,5.555555555555555,0.1937762009645104
mech_006_second_price_discrete_grid_29363bc99c92,data_v2/results/ea_second_price_r1/run_20260530_140055_p12g2s20260530/gen_0/mech_006_second_price_discrete_grid_29363bc99c92.yaml,spsb_error_win_seeker,9,20.51282051282051,0.3999999995619853
mech_007_second_price_ranked_bid_5694fe515203,data_v2/results/ea_second_price_r1/run_20260530_140055_p12g2s20260530/gen_0/mech_007_second_price_ranked_bid_5694fe515203.yaml,c0_f0_b0_cot,9,18.803418803418804,0.1064705251756496
mech_007_second_price_ranked_bid_5694fe515203,data_v2/results/ea_second_price_r1/run_20260530_140055_p12g2s20260530/gen_0/mech_007_second_price_ranked_bid_5694fe515203.yaml,c2_f2_b2_cot,9,4.700854700854701,0.1937762009645104
mech_007_second_price_ranked_bid_5694fe515203,data_v2/results/ea_second_price_r1/run_20260530_140055_p12g2s20260530/gen_0/mech_007_second_price_ranked_bid_5694fe515203.yaml,spsb_error_win_seeker,9,17.094017094017094,0.3999999995619853
mech_008_second_price_ranked_menu_be6b08710f0f,data_v2/results/ea_second_price_r1/run_20260530_140055_p12g2s20260530/gen_0/mech_008_second_price_ranked_menu_be6b08710f0f.yaml,c0_f0_b0_cot,9,12.393162393162394,0.1064705251756496
mech_008_second_price_ranked_menu_be6b08710f0f,data_v2/results/ea_second_price_r1/run_20260530_140055_p12g2s20260530/gen_0/mech_008_second_price_ranked_menu_be6b08710f0f.yaml,c2_f2_b2_cot,9,4.700854700854701,0.1937762009645104
mech_008_second_price_ranked_menu_be6b08710f0f,data_v2/results/ea_second_price_r1/run_20260530_140055_p12g2s20260530/gen_0/mech_008_second_price_ranked_menu_be6b08710f0f.yaml,spsb_error_win_seeker,9,18.376068376068375,0.3999999995619853
mech_009_second_price_ranked_menu_sealed_bid_b3fd3ed4aa8a,data_v2/results/ea_second_price_r1/run_20260530_140055_p12g2s20260530/gen_0/mech_009_second_price_ranked_menu_sealed_bid_b3fd3ed4aa8a.yaml,c0_f0_b0_cot,9,4.700854700854701,0.1064705251756496
mech_009_second_price_ranked_menu_sealed_bid_b3fd3ed4aa8a,data_v2/results/ea_second_price_r1/run_20260530_140055_p12g2s20260530/gen_0/mech_009_second_price_ranked_menu_sealed_bid_b3fd3ed4aa8a.yaml,c2_f2_b2_cot,9,6.410256410256411,0.1937762009645104
mech_009_second_price_ranked_menu_sealed_bid_b3fd3ed4aa8a,data_v2/results/ea_second_price_r1/run_20260530_140055_p12g2s20260530/gen_0/mech_009_second_price_ranked_menu_sealed_bid_b3fd3ed4aa8a.yaml,spsb_error_win_seeker,9,20.51282051282051,0.3999999995619853
mech_010_second_price_discrete_grid_68710fd95fd5,data_v2/results/ea_second_price_r1/run_20260530_140055_p12g2s20260530/gen_0/mech_010_second_price_discrete_grid_68710fd95fd5.yaml,c0_f0_b0_cot,9,20.94017094017094,0.1064705251756496
mech_010_second_price_discrete_grid_68710fd95fd5,data_v2/results/ea_second_price_r1/run_20260530_140055_p12g2s20260530/gen_0/mech_010_second_price_discrete_grid_68710fd95fd5.yaml,c2_f2_b2_cot,9,4.700854700854701,0.1937762009645104
mech_010_second_price_discrete_grid_68710fd95fd5,data_v2/results/ea_second_price_r1/run_20260530_140055_p12g2s20260530/gen_0/mech_010_second_price_discrete_grid_68710fd95fd5.yaml,spsb_error_win_seeker,9,20.51282051282051,0.3999999995619853
mech_011_second_price_sealed_bid_0787336ff0e8,data_v2/results/ea_second_price_r1/run_20260530_140055_p12g2s20260530/gen_0/mech_011_second_price_sealed_bid_0787336ff0e8.yaml,c0_f0_b0_cot,9,24.786324786324787,0.1064705251756496
mech_011_second_price_sealed_bid_0787336ff0e8,data_v2/results/ea_second_price_r1/run_20260530_140055_p12g2s20260530/gen_0/mech_011_second_price_sealed_bid_0787336ff0e8.yaml,c2_f2_b2_cot,9,0.0,0.1937762009645104
mech_011_second_price_sealed_bid_0787336ff0e8,data_v2/results/ea_second_price_r1/run_20260530_140055_p12g2s20260530/gen_0/mech_011_second_price_sealed_bid_0787336ff0e8.yaml,spsb_error_win_seeker,9,20.08547008547009,0.3999999995619853
mech_000_second_price_private_values_ecb978eb2614,data_v2/results/ea_second_price_r1/run_20260530_140055_p12g2s20260530/gen_1/mech_000_second_price_private_values_ecb978eb2614.yaml,c0_f0_b0_cot,9,15.384615384615385,0.1064705251756496
mech_000_second_price_private_values_ecb978eb2614,data_v2/results/ea_second_price_r1/run_20260530_140055_p12g2s20260530/gen_1/mech_000_second_price_private_values_ecb978eb2614.yaml,c2_f2_b2_cot,9,0.0,0.1937762009645104
mech_000_second_price_private_values_ecb978eb2614,data_v2/results/ea_second_price_r1/run_20260530_140055_p12g2s20260530/gen_1/mech_000_second_price_private_values_ecb978eb2614.yaml,spsb_error_win_seeker,9,19.487179487179485,0.3999999995619853
mech_001_second_price_ranked_menu_b20ece8b2011,data_v2/results/ea_second_price_r1/run_20260530_140055_p12g2s20260530/gen_1/mech_001_second_price_ranked_menu_b20ece8b2011.yaml,c0_f0_b0_cot,9,15.384615384615385,0.1064705251756496
mech_001_second_price_ranked_menu_b20ece8b2011,data_v2/results/ea_second_price_r1/run_20260530_140055_p12g2s20260530/gen_1/mech_001_second_price_ranked_menu_b20ece8b2011.yaml,c2_f2_b2_cot,9,4.273504273504273,0.1937762009645104
mech_001_second_price_ranked_menu_b20ece8b2011,data_v2/results/ea_second_price_r1/run_20260530_140055_p12g2s20260530/gen_1/mech_001_second_price_ranked_menu_b20ece8b2011.yaml,spsb_error_win_seeker,9,20.51282051282051,0.3999999995619853
mech_002_second_price_sealed_bid_1eaa7719aca5,data_v2/results/ea_second_price_r1/run_20260530_140055_p12g2s20260530/gen_1/mech_002_second_price_sealed_bid_1eaa7719aca5.yaml,c0_f0_b0_cot,9,3.4188034188034186,0.1064705251756496
mech_002_second_price_sealed_bid_1eaa7719aca5,data_v2/results/ea_second_price_r1/run_20260530_140055_p12g2s20260530/gen_1/mech_002_second_price_sealed_bid_1eaa7719aca5.yaml,c2_f2_b2_cot,9,0.0,0.1937762009645104
mech_002_second_price_sealed_bid_1eaa7719aca5,data_v2/results/ea_second_price_r1/run_20260530_140055_p12g2s20260530/gen_1/mech_002_second_price_sealed_bid_1eaa7719aca5.yaml,spsb_error_win_seeker,9,17.60683760683761,0.3999999995619853
mech_003_second_price_sealed_bid_eb2d1cf60b6a,data_v2/results/ea_second_price_r1/run_20260530_140055_p12g2s20260530/gen_1/mech_003_second_price_sealed_bid_eb2d1cf60b6a.yaml,c0_f0_b0_cot,9,24.316239316239315,0.1064705251756496
mech_003_second_price_sealed_bid_eb2d1cf60b6a,data_v2/results/ea_second_price_r1/run_20260530_140055_p12g2s20260530/gen_1/mech_003_second_price_sealed_bid_eb2d1cf60b6a.yaml,c2_f2_b2_cot,9,0.0,0.1937762009645104
mech_003_second_price_sealed_bid_eb2d1cf60b6a,data_v2/results/ea_second_price_r1/run_20260530_140055_p12g2s20260530/gen_1/mech_003_second_price_sealed_bid_eb2d1cf60b6a.yaml,spsb_error_win_seeker,9,19.999999999999996,0.3999999995619853
mech_004_sealed_bid_second_price_ranked_menu_925c5dc73c7c,data_v2/results/ea_second_price_r1/run_20260530_140055_p12g2s20260530/gen_1/mech_004_sealed_bid_second_price_ranked_menu_925c5dc73c7c.yaml,c0_f0_b0_cot,9,12.393162393162394,0.1064705251756496
mech_004_sealed_bid_second_price_ranked_menu_925c5dc73c7c,data_v2/results/ea_second_price_r1/run_20260530_140055_p12g2s20260530/gen_1/mech_004_sealed_bid_second_price_ranked_menu_925c5dc73c7c.yaml,c2_f2_b2_cot,9,4.273504273504273,0.1937762009645104
mech_004_sealed_bid_second_price_ranked_menu_925c5dc73c7c,data_v2/results/ea_second_price_r1/run_20260530_140055_p12g2s20260530/gen_1/mech_004_sealed_bid_second_price_ranked_menu_925c5dc73c7c.yaml,spsb_error_win_seeker,9,18.376068376068375,0.3999999995619853
mech_005_second_price_ranked_menu_e143a2dcd7ad,data_v2/results/ea_second_price_r1/run_20260530_140055_p12g2s20260530/gen_1/mech_005_second_price_ranked_menu_e143a2dcd7ad.yaml,c0_f0_b0_cot,9,18.803418803418804,0.1064705251756496
mech_005_second_price_ranked_menu_e143a2dcd7ad,data_v2/results/ea_second_price_r1/run_20260530_140055_p12g2s20260530/gen_1/mech_005_second_price_ranked_menu_e143a2dcd7ad.yaml,c2_f2_b2_cot,9,5.555555555555555,0.1937762009645104
mech_005_second_price_ranked_menu_e143a2dcd7ad,data_v2/results/ea_second_price_r1/run_20260530_140055_p12g2s20260530/gen_1/mech_005_second_price_ranked_menu_e143a2dcd7ad.yaml,spsb_error_win_seeker,9,20.51282051282051,0.3999999995619853
mech_006_sealed_second_price_truthful_6721fff5423e,data_v2/results/ea_second_price_r1/run_20260530_140055_p12g2s20260530/gen_1/mech_006_sealed_second_price_truthful_6721fff5423e.yaml,c0_f0_b0_cot,9,0.8547008547008547,0.1064705251756496
mech_006_sealed_second_price_truthful_6721fff5423e,data_v2/results/ea_second_price_r1/run_20260530_140055_p12g2s20260530/gen_1/mech_006_sealed_second_price_truthful_6721fff5423e.yaml,c2_f2_b2_cot,9,0.0,0.1937762009645104
mech_006_sealed_second_price_truthful_6721fff5423e,data_v2/results/ea_second_price_r1/run_20260530_140055_p12g2s20260530/gen_1/mech_006_sealed_second_price_truthful_6721fff5423e.yaml,spsb_error_win_seeker,9,20.51282051282051,0.3999999995619853
mech_007_single_item_second_price_sealed_bid_d16b3e0fefcb,data_v2/results/ea_second_price_r1/run_20260530_140055_p12g2s20260530/gen_1/mech_007_single_item_second_price_sealed_bid_d16b3e0fefcb.yaml,c0_f0_b0_cot,9,35.470085470085465,0.1064705251756496
mech_007_single_item_second_price_sealed_bid_d16b3e0fefcb,data_v2/results/ea_second_price_r1/run_20260530_140055_p12g2s20260530/gen_1/mech_007_single_item_second_price_sealed_bid_d16b3e0fefcb.yaml,c2_f2_b2_cot,9,0.0,0.1937762009645104
mech_007_single_item_second_price_sealed_bid_d16b3e0fefcb,data_v2/results/ea_second_price_r1/run_20260530_140055_p12g2s20260530/gen_1/mech_007_single_item_second_price_sealed_bid_d16b3e0fefcb.yaml,spsb_error_win_seeker,9,15.641025641025639,0.3999999995619853
mech_000_sealed_second_price_continuous_a6ba0bfb5b52,data_v2/results/ea_second_price_r1/run_20260530_140055_p12g2s20260530/gen_2/mech_000_sealed_second_price_continuous_a6ba0bfb5b52.yaml,c0_f0_b0_cot,9,36.324786324786324,0.1064705251756496
mech_000_sealed_second_price_continuous_a6ba0bfb5b52,data_v2/results/ea_second_price_r1/run_20260530_140055_p12g2s20260530/gen_2/mech_000_sealed_second_price_continuous_a6ba0bfb5b52.yaml,c2_f2_b2_cot,9,0.0,0.1937762009645104
mech_000_sealed_second_price_continuous_a6ba0bfb5b52,data_v2/results/ea_second_price_r1/run_20260530_140055_p12g2s20260530/gen_2/mech_000_sealed_second_price_continuous_a6ba0bfb5b52.yaml,spsb_error_win_seeker,9,19.658119658119656,0.3999999995619853
mech_001_sealed_bid_second_price_private_values_f54eacba774c,data_v2/results/ea_second_price_r1/run_20260530_140055_p12g2s20260530/gen_2/mech_001_sealed_bid_second_price_private_values_f54eacba774c.yaml,c0_f0_b0_cot,9,30.76923076923077,0.1064705251756496
mech_001_sealed_bid_second_price_private_values_f54eacba774c,data_v2/results/ea_second_price_r1/run_20260530_140055_p12g2s20260530/gen_2/mech_001_sealed_bid_second_price_private_values_f54eacba774c.yaml,c2_f2_b2_cot,9,0.0,0.1937762009645104
mech_001_sealed_bid_second_price_private_values_f54eacba774c,data_v2/results/ea_second_price_r1/run_20260530_140055_p12g2s20260530/gen_2/mech_001_sealed_bid_second_price_private_values_f54eacba774c.yaml,spsb_error_win_seeker,9,20.726495726495724,0.3999999995619853
mech_002_second_price_sealed_bid_b00b740c33dd,data_v2/results/ea_second_price_r1/run_20260530_140055_p12g2s20260530/gen_2/mech_002_second_price_sealed_bid_b00b740c33dd.yaml,c0_f0_b0_cot,9,1.7094017094017093,0.1064705251756496
mech_002_second_price_sealed_bid_b00b740c33dd,data_v2/results/ea_second_price_r1/run_20260530_140055_p12g2s20260530/gen_2/mech_002_second_price_sealed_bid_b00b740c33dd.yaml,c2_f2_b2_cot,9,0.0,0.1937762009645104
mech_002_second_price_sealed_bid_b00b740c33dd,data_v2/results/ea_second_price_r1/run_20260530_140055_p12g2s20260530/gen_2/mech_002_second_price_sealed_bid_b00b740c33dd.yaml,spsb_error_win_seeker,9,20.213675213675213,0.3999999995619853
mech_003_sealed_bid_second_price_ipv_e4d443f54efa,data_v2/results/ea_second_price_r1/run_20260530_140055_p12g2s20260530/gen_2/mech_003_sealed_bid_second_price_ipv_e4d443f54efa.yaml,c0_f0_b0_cot,9,33.76068376068376,0.1064705251756496
mech_003_sealed_bid_second_price_ipv_e4d443f54efa,data_v2/results/ea_second_price_r1/run_20260530_140055_p12g2s20260530/gen_2/mech_003_sealed_bid_second_price_ipv_e4d443f54efa.yaml,c2_f2_b2_cot,9,0.0,0.1937762009645104
mech_003_sealed_bid_second_price_ipv_e4d443f54efa,data_v2/results/ea_second_price_r1/run_20260530_140055_p12g2s20260530/gen_2/mech_003_sealed_bid_second_price_ipv_e4d443f54efa.yaml,spsb_error_win_seeker,9,19.401709401709404,0.3999999995619853
mech_004_sealed_bid_second_price_truthful_b58849f217f0,data_v2/results/ea_second_price_r1/run_20260530_140055_p12g2s20260530/gen_2/mech_004_sealed_bid_second_price_truthful_b58849f217f0.yaml,c0_f0_b0_cot,9,35.04273504273504,0.1064705251756496
mech_004_sealed_bid_second_price_truthful_b58849f217f0,data_v2/results/ea_second_price_r1/run_20260530_140055_p12g2s20260530/gen_2/mech_004_sealed_bid_second_price_truthful_b58849f217f0.yaml,c2_f2_b2_cot,9,0.0,0.1937762009645104
mech_004_sealed_bid_second_price_truthful_b58849f217f0,data_v2/results/ea_second_price_r1/run_20260530_140055_p12g2s20260530/gen_2/mech_004_sealed_bid_second_price_truthful_b58849f217f0.yaml,spsb_error_win_seeker,9,20.08547008547009,0.3999999995619853
mech_005_single_item_second_price_continuous_08c7889c19fe,data_v2/results/ea_second_price_r1/run_20260530_140055_p12g2s20260530/gen_2/mech_005_single_item_second_price_continuous_08c7889c19fe.yaml,c0_f0_b0_cot,9,25.213675213675213,0.1064705251756496
mech_005_single_item_second_price_continuous_08c7889c19fe,data_v2/results/ea_second_price_r1/run_20260530_140055_p12g2s20260530/gen_2/mech_005_single_item_second_price_continuous_08c7889c19fe.yaml,c2_f2_b2_cot,9,0.0,0.1937762009645104
mech_005_single_item_second_price_continuous_08c7889c19fe,data_v2/results/ea_second_price_r1/run_20260530_140055_p12g2s20260530/gen_2/mech_005_single_item_second_price_continuous_08c7889c19fe.yaml,spsb_error_win_seeker,9,19.91452991452991,0.3999999995619853
mech_006_second_price_sealed_bid_0f9e1ef9f42f,data_v2/results/ea_second_price_r1/run_20260530_140055_p12g2s20260530/gen_2/mech_006_second_price_sealed_bid_0f9e1ef9f42f.yaml,c0_f0_b0_cot,9,3.4188034188034186,0.1064705251756496
mech_006_second_price_sealed_bid_0f9e1ef9f42f,data_v2/results/ea_second_price_r1/run_20260530_140055_p12g2s20260530/gen_2/mech_006_second_price_sealed_bid_0f9e1ef9f42f.yaml,c2_f2_b2_cot,9,0.0,0.1937762009645104
mech_006_second_price_sealed_bid_0f9e1ef9f42f,data_v2/results/ea_second_price_r1/run_20260530_140055_p12g2s20260530/gen_2/mech_006_second_price_sealed_bid_0f9e1ef9f42f.yaml,spsb_error_win_seeker,9,20.08547008547009,0.3999999995619853
mech_007_sealed_bid_second_price_truthful_b748a8d9d403,data_v2/results/ea_second_price_r1/run_20260530_140055_p12g2s20260530/gen_2/mech_007_sealed_bid_second_price_truthful_b748a8d9d403.yaml,c0_f0_b0_cot,9,2.1367521367521367,0.1064705251756496
mech_007_sealed_bid_second_price_truthful_b748a8d9d403,data_v2/results/ea_second_price_r1/run_20260530_140055_p12g2s20260530/gen_2/mech_007_sealed_bid_second_price_truthful_b748a8d9d403.yaml,c2_f2_b2_cot,9,0.0,0.1937762009645104
mech_007_sealed_bid_second_price_truthful_b748a8d9d403,data_v2/results/ea_second_price_r1/run_20260530_140055_p12g2s20260530/gen_2/mech_007_sealed_bid_second_price_truthful_b748a8d9d403.yaml,spsb_error_win_seeker,9,20.08547008547009,0.3999999995619853
