mech_id,value_model,payment_rule,generation,weighted_smad_Li2017,worst_strain_smad,mean_smad,n_strains
mech_009_truthful_second_price_apv_91a1b6796f1b,IPV,second_price,gen_0,11.395816965748788,33.33333333333333,10.598290598290598,5
mech_002_second_price_truthful_sealed_bid_b3b89b27db00,IPV,second_price,gen_0,11.703468686659576,32.9059829059829,10.94017094017094,5
mech_008_second_price_sealed_bid_72060bc78523,IPV,second_price,gen_2,11.748758034237927,33.33333333333333,11.025641025641026,5
mech_005_single_item_second_price_sealed_bid_f01daaf9c490,IPV,second_price,gen_1,11.804686355088073,34.61538461538461,11.367521367521366,5
mech_008_second_price_truthful_apv_b34c4a6d9f6e,IPV,second_price,gen_0,11.975204772129688,35.470085470085465,11.452991452991451,5
mech_005_sealed_bid_second_price_private_values_a8337cdec52b,IPV,second_price,gen_2,14.107194178128484,35.8974358974359,16.77777777777778,5
mech_004_second_price_continuous_sealed_bid_55cf93600a0c,IPV,second_price,gen_1,14.144416435100585,35.811965811965806,15.410256410256409,5
mech_012_cv_second_price_sealed_bid_39df488c3617,IPV,second_price,gen_0,14.378890601966498,35.38461538461537,15.897435897435894,5
mech_003_second_price_sealed_bid_0787336ff0e8,IPV,second_price,gen_0,14.568084934302814,36.75213675213675,16.324786324786324,5
mech_007_second_price_sealed_bid_continuous_23c0d0a0b7a5,IPV,second_price,gen_1,14.715086952788013,36.153846153846146,16.62393162393162,5
mech_009_single_item_second_price_ranked_menu_214f77757fae,IPV,second_price,gen_1,14.833676232392598,33.76068376068376,17.094017094017094,5
mech_007_second_price_sealed_bid_a765dd6dd281,IPV,second_price,gen_2,14.893008886822194,38.205128205128204,16.7008547008547,5
mech_002_second_price_sealed_bid_7bc40eeb559a,IPV,second_price,gen_2,15.147902439027835,36.324786324786324,18.11965811965812,5
mech_009_second_price_sealed_bid_8a881594b8a3,IPV,second_price,gen_2,15.29819729380429,35.8974358974359,17.692307692307693,5
mech_003_second_price_sealed_bid_8a881594b8a3,IPV,second_price,gen_1,15.29819729380429,35.8974358974359,17.692307692307693,5
mech_013_cv_second_price_sealed_bid_09efd01359d6,IPV,second_price,gen_0,15.31136234436642,35.04273504273504,17.71794871794872,5
mech_001_sealed_second_price_private_values_d8f2cf8948a9,IPV,second_price,gen_2,15.479143807262009,35.470085470085465,18.034188034188034,5
mech_002_cv_second_price_sealed_bid_3618efcfb7dd,IPV,second_price,gen_1,15.530025325151136,35.17094017094016,17.452991452991448,5
mech_006_second_price_continuous_sealed_bid_e2c9f77b4a05,IPV,second_price,gen_1,15.905455718620992,38.46153846153846,19.02564102564103,5
mech_006_second_price_continuous_sealed_bid_d534dbb827d7,IPV,second_price,gen_2,15.906339812488325,38.46153846153846,18.837606837606835,5
mech_000_second_price_continuous_sealed_bid_252437fd4fe1,IPV,second_price,gen_1,26.66135368941764,47.435897435897445,25.384615384615383,5
mech_001_first_price_sealed_bid_private_values_1287a046526c,IPV,first_price,gen_0,43.522833362740435,75.89743589743593,29.418803418803424,5
mech_008_sealed_bid_first_price_private_values_7730d302cea7,IPV,first_price,gen_1,43.806849134341164,74.10256410256412,30.500000000000007,5
mech_001_sealed_bid_first_price_apv_68d8f65fc455,IPV,first_price,gen_1,44.36832191910618,78.97435897435898,29.641025641025642,5
mech_000_first_price_sealed_bid_1c9c84496772,IPV,first_price,gen_2,46.37515813126215,79.61538461538463,32.07692307692308,5
mech_004_first_price_sealed_bid_apv_bf695b33a53e,IPV,first_price,gen_2,46.44280896277672,80.12820512820514,31.709401709401714,5
mech_006_first_price_apv_sealed_bid_493b64407c79,IPV,first_price,gen_0,48.69484385746079,80.06410256410258,35.00854700854701,5
mech_004_third_price_sealed_bid_b1d64b130e84,IPV,third_price,gen_0,49.3302042271073,70.10683760683762,54.277777777777786,5
mech_003_third_price_sealed_bid_0f287be84eda,IPV,third_price,gen_2,49.756414466166326,69.01709401709401,55.21367521367522,5
mech_005_third_price_sealed_bid_private_values_bda81c2531d6,IPV,third_price,gen_0,49.8682025249084,68.58974358974359,55.34188034188035,5
