mech_id,value_model,payment_rule,persona_id,n_pairs,smad,weight
fpsb_apv,APV,first_price,c0_f0_b0_cot,30,7.162162162162162,0.1064705251756496
fpsb_apv,APV,first_price,c2_f2_b2_cot,30,22.2195945945946,0.1937762009645104
fpsb_apv,APV,first_price,spsb_error_win_seeker,30,79.60472972972973,0.3999999995619853
fpsb_apv,APV,first_price,spsb_error_loss_averse,30,7.993243243243239,0.1059770733333441
fpsb_apv,APV,first_price,spsb_outcome_truthful,30,50.0,0.1937762009645105
spsb_apv,APV,second_price,c0_f0_b0_cot,30,24.12162162162162,0.1064705251756496
spsb_apv,APV,second_price,c2_f2_b2_cot,30,0.0,0.1937762009645104
spsb_apv,APV,second_price,spsb_error_win_seeker,30,20.02702702702703,0.3999999995619853
spsb_apv,APV,second_price,spsb_error_loss_averse,30,40.22972972972974,0.1059770733333441
spsb_apv,APV,second_price,spsb_outcome_truthful,30,0.0,0.1937762009645105
fpsb_cv,CV,first_price,c0_f0_b0_cot,30,9.060402684563758,0.1064705251756496
fpsb_cv,CV,first_price,c2_f2_b2_cot,30,43.372483221476514,0.1937762009645104
fpsb_cv,CV,first_price,spsb_error_win_seeker,30,79.93288590604026,0.3999999995619853
fpsb_cv,CV,first_price,spsb_error_loss_averse,30,6.146532438478744,0.1059770733333441
fpsb_cv,CV,first_price,spsb_outcome_truthful,30,50.0,0.1937762009645105
spsb_cv,CV,second_price,c0_f0_b0_cot,30,27.06935123042506,0.1064705251756496
spsb_cv,CV,second_price,c2_f2_b2_cot,30,0.0,0.1937762009645104
spsb_cv,CV,second_price,spsb_error_win_seeker,30,20.000000000000004,0.3999999995619853
spsb_cv,CV,second_price,spsb_error_loss_averse,30,36.34228187919463,0.1059770733333441
spsb_cv,CV,second_price,spsb_outcome_truthful,30,0.0,0.1937762009645105
