strain_id,kind,c,f,b,n,mean_value,mean_bid,mean_ratio,median_ratio,above_bne_rate,above_value_rate,near_zero_rate,mean_dev_from_bne,mean_abs_dev_from_bne
c0_f0_b0,cot_basis,0.0,0.0,0.0,30,25.7,18.453333333333333,0.6470408317982517,0.6666666666666666,0.3333333333333333,0.0,0.03333333333333333,1.3200000000000007,2.102222222222222
c0_f0_b1,cot_basis,0.0,0.0,1.0,30,25.7,18.41,0.6176612151509004,0.6666666666666666,0.36666666666666664,0.0,0.1,1.2766666666666675,2.1899999999999995
c0_f0_b2,cot_basis,0.0,0.0,2.0,30,25.7,18.523333333333333,0.6454470483911691,0.6666666666666666,0.4666666666666667,0.0,0.06666666666666667,1.3900000000000008,1.8433333333333337
c0_f1_b0,cot_basis,0.0,1.0,0.0,30,25.7,19.15,0.6768250878587684,0.7061538461538461,0.5666666666666667,0.0,0.0,2.016666666666667,2.2611111111111115
c0_f1_b1,cot_basis,0.0,1.0,1.0,30,25.7,18.636666666666667,0.6442300433279889,0.6666666666666666,0.4666666666666667,0.0,0.03333333333333333,1.503333333333334,2.1811111111111114
c0_f1_b2,cot_basis,0.0,1.0,2.0,30,25.7,18.503333333333334,0.6499590931085262,0.6928571428571428,0.6,0.0,0.0,1.3700000000000008,2.1900000000000004
c0_f2_b0,cot_basis,0.0,2.0,0.0,30,25.7,18.413333333333334,0.6340851669041311,0.6666666666666666,0.43333333333333335,0.0,0.03333333333333333,1.280000000000001,1.8111111111111113
c0_f2_b1,cot_basis,0.0,2.0,1.0,30,25.7,20.046666666666667,0.700988094457656,0.7638888888888888,0.6333333333333333,0.0,0.06666666666666667,2.913333333333334,3.264444444444445
c0_f2_b2,cot_basis,0.0,2.0,2.0,30,25.7,19.88,0.6881278427686441,0.7266666666666666,0.6333333333333333,0.0,0.06666666666666667,2.7466666666666675,3.042222222222223
c1_f0_b0,cot_basis,1.0,0.0,0.0,30,25.7,19.77,0.7375258653286694,0.7801932367149759,0.9,0.0,0.0,2.6366666666666676,2.6766666666666676
c1_f0_b1,cot_basis,1.0,0.0,1.0,30,25.7,19.61,0.7274877578664807,0.75,0.7333333333333333,0.0,0.0,2.4766666666666675,2.512222222222223
c1_f0_b2,cot_basis,1.0,0.0,2.0,30,25.7,19.613333333333333,0.7180502335875916,0.75,0.7333333333333333,0.0,0.0,2.4800000000000013,2.540000000000001
c1_f1_b0,cot_basis,1.0,1.0,0.0,30,25.7,20.966666666666665,0.7767245928426143,0.788353863381859,0.8333333333333334,0.0,0.0,3.833333333333334,3.8533333333333335
c1_f1_b1,cot_basis,1.0,1.0,1.0,30,25.7,19.066666666666666,0.703050571024947,0.7333333333333333,0.6333333333333333,0.0,0.0,1.933333333333334,2.1155555555555554
c1_f1_b2,cot_basis,1.0,1.0,2.0,30,25.7,20.03666666666667,0.7320653233657618,0.777992277992278,0.7666666666666667,0.0,0.0,2.903333333333334,2.965555555555556
c1_f2_b0,cot_basis,1.0,2.0,0.0,30,25.7,19.736666666666668,0.7115162761160684,0.7533783783783784,0.6,0.0,0.0,2.603333333333334,3.0455555555555565
c1_f2_b1,cot_basis,1.0,2.0,1.0,30,25.7,19.686666666666667,0.7016427410602888,0.718695652173913,0.6,0.0,0.03333333333333333,2.553333333333334,2.8444444444444454
c1_f2_b2,cot_basis,1.0,2.0,2.0,30,25.7,19.39333333333333,0.7075407534565556,0.701063829787234,0.6,0.0,0.0,2.2600000000000002,2.5444444444444447
c2_f0_b0,cot_basis,2.0,0.0,0.0,30,25.7,23.19333333333333,0.9176927183895408,0.9854166666666666,0.9,0.0,0.0,6.0600000000000005,6.14888888888889
c2_f0_b1,cot_basis,2.0,0.0,1.0,30,25.7,20.7,0.7986590836710981,0.7752100840336134,0.7666666666666667,0.0,0.0,3.5666666666666673,3.5666666666666673
c2_f0_b2,cot_basis,2.0,0.0,2.0,30,25.7,20.663333333333334,0.7828558611364663,0.7959459459459459,0.8666666666666667,0.0,0.0,3.5300000000000007,3.547777777777779
c2_f1_b0,cot_basis,2.0,1.0,0.0,30,25.7,21.473333333333336,0.8658976210514077,0.9821428571428571,0.7333333333333333,0.0,0.0,4.340000000000001,4.428888888888889
c2_f1_b1,cot_basis,2.0,1.0,1.0,30,25.7,20.18,0.7808308825930445,0.75,0.6666666666666666,0.0,0.03333333333333333,3.0466666666666673,3.1533333333333338
c2_f1_b2,cot_basis,2.0,1.0,2.0,30,25.7,21.413333333333334,0.8293297886274619,0.8054347826086956,0.7333333333333333,0.0,0.0,4.280000000000001,4.408888888888888
c2_f2_b0,cot_basis,2.0,2.0,0.0,30,25.7,21.766666666666666,0.8073868913475191,0.7918918918918918,0.7333333333333333,0.0,0.0,4.633333333333335,4.700000000000001
c2_f2_b1,cot_basis,2.0,2.0,1.0,30,25.7,21.646666666666665,0.8102484872760697,0.8,0.9,0.0,0.0,4.5133333333333345,4.5133333333333345
c2_f2_b2,cot_basis,2.0,2.0,2.0,30,25.7,20.753333333333334,0.7591811571787356,0.7847490347490347,0.8666666666666667,0.0,0.03333333333333333,3.6200000000000006,3.7022222222222227
spsb_error_loss_averse,error_mouse,,,,30,31.933333333333334,19.52,0.614146350478996,0.6,0.0,0.0,0.03333333333333333,-1.768888888888888,1.7688888888888878
spsb_error_payment_panic_near_zero,error_mouse,,,,30,25.7,0.1,0.010978530094079925,0.003923076923076923,0.0,0.0,1.0,-17.03333333333333,17.033333333333328
spsb_error_second_price_overgeneralizer,error_mouse,,,,30,25.7,28.426666666666666,1.3835048278470197,1.1180555555555556,1.0,0.9666666666666667,0.0,11.293333333333333,11.293333333333333
spsb_error_win_seeker,error_mouse,,,,30,31.933333333333334,38.336666666666666,1.2004179728317659,1.2,1.0,1.0,0.03333333333333333,17.047777777777778,17.047777777777778
spsb_outcome_overbid,outcome,,,,30,25.7,25.8,1.01097853009408,1.003923076923077,1.0,1.0,0.0,8.666666666666668,8.666666666666668
spsb_outcome_truthful,outcome,,,,30,25.7,25.7,1.0,1.0,1.0,0.0,0.0,8.566666666666666,8.566666666666668
spsb_outcome_underbid,outcome,,,,30,25.7,21.41,0.8080160849412861,0.7999999999999999,1.0,0.0,0.0,4.276666666666667,4.276666666666667
