mechanism_id,mechanism_label,category,persona_id,n_decisions,smad,weight
vickrey_baseline,E1: Vickrey 2P (baseline easy),easy,c0_f0_b0_cot,45,26.510369702434627,0.1064705251756496
vickrey_baseline,E1: Vickrey 2P (baseline easy),easy,c2_f2_b2_cot,45,0.0,0.1937762009645104
vickrey_baseline,E1: Vickrey 2P (baseline easy),easy,spsb_outcome_truthful,45,0.0,0.1937762009645105
vickrey_osp_hint,E2: 2P + OSP-style framing,easy,c0_f0_b0_cot,45,21.63210099188458,0.1064705251756496
vickrey_osp_hint,E2: 2P + OSP-style framing,easy,c2_f2_b2_cot,45,0.01803426510369728,0.1937762009645104
vickrey_osp_hint,E2: 2P + OSP-style framing,easy,spsb_outcome_truthful,45,0.0,0.1937762009645105
allpay_first_price,H1: All-pay first-price,hard,c0_f0_b0_cot,45,53.339286318654445,0.1064705251756496
allpay_first_price,H1: All-pay first-price,hard,c2_f2_b2_cot,45,92.60747840829393,0.1937762009645104
allpay_first_price,H1: All-pay first-price,hard,spsb_outcome_truthful,45,109.57779979866365,0.1937762009645105
firstprice_with_reserve,H2: First-price with $15 reserve,hard,c0_f0_b0_cot,45,27.229862475442058,0.1064705251756496
firstprice_with_reserve,H2: First-price with $15 reserve,hard,c2_f2_b2_cot,45,43.61493123772103,0.1937762009645104
firstprice_with_reserve,H2: First-price with $15 reserve,hard,spsb_outcome_truthful,45,63.40864440078586,0.1937762009645105
vickrey_baseline,E1: Vickrey 2P (baseline easy),easy,spsb_error_loss_averse,45,38.16425120772947,0.1059770733333441
vickrey_baseline,E1: Vickrey 2P (baseline easy),easy,spsb_error_win_seeker,45,20.040257648953304,0.3999999995619853
vickrey_osp_hint,E2: 2P + OSP-style framing,easy,spsb_error_loss_averse,45,36.74718196457327,0.1059770733333441
vickrey_osp_hint,E2: 2P + OSP-style framing,easy,spsb_error_win_seeker,45,20.18518518518519,0.3999999995619853
allpay_first_price,H1: All-pay first-price,hard,spsb_error_loss_averse,45,55.77936006099789,0.1059770733333441
allpay_first_price,H1: All-pay first-price,hard,spsb_error_win_seeker,45,129.66963312679783,0.3999999995619853
firstprice_with_reserve,H2: First-price with $15 reserve,hard,spsb_error_loss_averse,45,13.305298570227075,0.1059770733333441
firstprice_with_reserve,H2: First-price with $15 reserve,hard,spsb_error_win_seeker,45,90.78637510513039,0.3999999995619853
