basis_id,c,f,b,contingent,forward,beliefs,n,mean_value,mean_bid,mean_ratio,mean_deviation,mean_abs_deviation,truthful_rate,overbid_rate,underbid_rate,extreme_overbid_rate,near_zero_rate,moderate_underbid_rate
c0_f0_b0,0,0,0,off,off,off,90,23.7,17.48111111111111,0.6712558610687658,-6.218888888888889,6.218888888888889,0.05555555555555555,0.0,0.9444444444444444,0.0,0.0,0.9444444444444444
c0_f0_b1,0,0,1,off,off,firstorder,90,23.7,18.05777777777778,0.691906198296085,-5.642222222222222,5.642222222222222,0.03333333333333333,0.0,0.9666666666666667,0.0,0.0,0.9666666666666667
c0_f0_b2,0,0,2,off,off,secondorder,90,23.7,18.41888888888889,0.7053843571900179,-5.2811111111111115,5.2811111111111115,0.05555555555555555,0.0,0.9444444444444444,0.0,0.0,0.9444444444444444
c0_f1_b0,0,1,0,off,onestep,off,90,23.7,18.072222222222223,0.6942945196161749,-5.627777777777778,5.627777777777778,0.03333333333333333,0.0,0.9666666666666667,0.0,0.0,0.9666666666666667
c0_f1_b1,0,1,1,off,onestep,firstorder,90,23.7,18.01222222222222,0.6897896679265472,-5.687777777777778,5.687777777777778,0.03333333333333333,0.0,0.9666666666666667,0.0,0.0,0.9666666666666667
c0_f1_b2,0,1,2,off,onestep,secondorder,90,23.7,18.078888888888887,0.701596500086927,-5.6211111111111105,5.6211111111111105,0.03333333333333333,0.0,0.9666666666666667,0.0,0.0,0.9666666666666667
c0_f2_b0,0,2,0,off,tree,off,90,23.7,17.782222222222224,0.6838902676031858,-5.917777777777778,5.917777777777778,0.03333333333333333,0.0,0.9666666666666667,0.0,0.0,0.9666666666666667
c0_f2_b1,0,2,1,off,tree,firstorder,90,23.7,19.136666666666667,0.7518838074119758,-4.5633333333333335,4.5633333333333335,0.03333333333333333,0.0,0.9666666666666667,0.0,0.0,0.9666666666666667
c0_f2_b2,0,2,2,off,tree,secondorder,90,23.7,18.553333333333335,0.7281617751841706,-5.1466666666666665,5.1466666666666665,0.03333333333333333,0.0,0.9666666666666667,0.0,0.0,0.9666666666666667
c1_f0_b0,1,0,0,enumerate,off,off,90,23.7,19.106666666666666,0.7857819815830404,-4.593333333333333,4.593333333333333,0.03333333333333333,0.0,0.9666666666666667,0.0,0.0,0.9666666666666667
c1_f0_b1,1,0,1,enumerate,off,firstorder,90,23.7,19.835555555555555,0.7965994354378437,-3.8644444444444446,3.8644444444444446,0.03333333333333333,0.0,0.9666666666666667,0.0,0.0,0.9666666666666667
c1_f0_b2,1,0,2,enumerate,off,secondorder,90,23.7,20.875555555555554,0.8324391379777168,-2.8244444444444445,2.8244444444444445,0.07777777777777778,0.0,0.9222222222222223,0.0,0.0,0.9222222222222223
c1_f1_b0,1,1,0,enumerate,onestep,off,90,23.7,21.238888888888887,0.8680047404665594,-2.4611111111111112,2.4611111111111112,0.03333333333333333,0.0,0.9666666666666667,0.0,0.0,0.9666666666666667
c1_f1_b1,1,1,1,enumerate,onestep,firstorder,90,23.7,20.39666666666667,0.8332093626144116,-3.3033333333333337,3.3033333333333337,0.03333333333333333,0.0,0.9666666666666667,0.0,0.0,0.9666666666666667
c1_f1_b2,1,1,2,enumerate,onestep,secondorder,90,23.7,21.511111111111113,0.8722087762350822,-2.188888888888889,2.188888888888889,0.044444444444444446,0.0,0.9555555555555556,0.0,0.0,0.9555555555555556
c1_f2_b0,1,2,0,enumerate,tree,off,90,23.7,20.95888888888889,0.8375712149128846,-2.7411111111111115,2.7411111111111115,0.03333333333333333,0.0,0.9666666666666667,0.0,0.0,0.9666666666666667
c1_f2_b1,1,2,1,enumerate,tree,firstorder,90,23.7,20.502222222222223,0.8230854688705874,-3.197777777777778,3.197777777777778,0.03333333333333333,0.0,0.9666666666666667,0.0,0.0,0.9666666666666667
c1_f2_b2,1,2,2,enumerate,tree,secondorder,90,23.7,21.79888888888889,0.8766823849832912,-1.901111111111111,1.901111111111111,0.044444444444444446,0.0,0.9555555555555556,0.0,0.0,0.9555555555555556
c2_f0_b0,2,0,0,worstcase,off,off,90,23.7,23.7,1.0,0.0,0.0,1.0,0.0,0.0,0.0,0.0,0.0
c2_f0_b1,2,0,1,worstcase,off,firstorder,90,23.7,23.7,1.0,0.0,0.0,1.0,0.0,0.0,0.0,0.0,0.0
c2_f0_b2,2,0,2,worstcase,off,secondorder,90,23.7,23.7,1.0,0.0,0.0,1.0,0.0,0.0,0.0,0.0,0.0
c2_f1_b0,2,1,0,worstcase,onestep,off,90,23.7,23.7,1.0,0.0,0.0,1.0,0.0,0.0,0.0,0.0,0.0
c2_f1_b1,2,1,1,worstcase,onestep,firstorder,90,23.7,23.7,1.0,0.0,0.0,1.0,0.0,0.0,0.0,0.0,0.0
c2_f1_b2,2,1,2,worstcase,onestep,secondorder,90,23.7,23.7,1.0,0.0,0.0,1.0,0.0,0.0,0.0,0.0,0.0
c2_f2_b0,2,2,0,worstcase,tree,off,90,23.7,23.7,1.0,0.0,0.0,1.0,0.0,0.0,0.0,0.0,0.0
c2_f2_b1,2,2,1,worstcase,tree,firstorder,90,23.7,23.7,1.0,0.0,0.0,1.0,0.0,0.0,0.0,0.0,0.0
c2_f2_b2,2,2,2,worstcase,tree,secondorder,90,23.7,23.7,1.0,0.0,0.0,1.0,0.0,0.0,0.0,0.0,0.0
