axis,metric,level0_mean,level1_mean,level2_mean,level2_minus_level0,panel
contingent,truthful_rate,0.03827160493827161,0.040740740740740744,1.0,0.9617283950617284,cot_v2
contingent,overbid_rate,0.0,0.0,0.0,0.0,cot_v2
contingent,underbid_rate,0.9617283950617284,0.9592592592592593,0.0,-0.9617283950617284,cot_v2
contingent,mean_abs_deviation,5.522962962962963,3.008395061728395,0.0,-5.522962962962963,cot_v2
contingent,mean_ratio,0.70201810604265,0.836175833675713,1.0,0.29798189395735,cot_v2
forward,truthful_rate,0.3654320987654321,0.3567901234567901,0.3567901234567901,-0.00864197530864197,cot_v2
forward,overbid_rate,0.0,0.0,0.0,0.0,cot_v2
forward,underbid_rate,0.634567901234568,0.6432098765432098,0.6432098765432098,0.008641975308641858,cot_v2
forward,mean_abs_deviation,3.158271604938272,2.7655555555555558,2.607530864197531,-0.550740740740741,cot_v2
forward,mean_ratio,0.8314852190614966,0.8510115074384115,0.855697213218455,0.024211994156958405,cot_v2
beliefs,truthful_rate,0.3580246913580247,0.35555555555555557,0.3654320987654321,0.007407407407407363,cot_v2
beliefs,overbid_rate,0.0,0.0,0.0,0.0,cot_v2
beliefs,underbid_rate,0.6419753086419753,0.6444444444444444,0.634567901234568,-0.007407407407407307,cot_v2
beliefs,mean_abs_deviation,3.0622222222222226,2.9176543209876544,2.5514814814814817,-0.5107407407407409,cot_v2
beliefs,mean_ratio,0.8378665094722901,0.8429415489508278,0.8573858812952451,0.019519371822954934,cot_v2
contingent,truthful_rate,0.5629629629629629,0.8592592592592593,0.7925925925925926,0.22962962962962974,v1_standard
contingent,overbid_rate,0.0,0.0,0.0,0.0,v1_standard
contingent,underbid_rate,0.437037037037037,0.14074074074074072,0.2074074074074074,-0.2296296296296296,v1_standard
contingent,mean_abs_deviation,1.2533333333333334,0.43370370370370376,0.3737037037037038,-0.8796296296296295,v1_standard
contingent,mean_ratio,0.9180542975104014,0.9738995123488703,0.9816081978092677,0.06355390029886632,v1_standard
forward,truthful_rate,0.662962962962963,0.7518518518518519,0.8,0.13703703703703707,v1_standard
forward,overbid_rate,0.0,0.0,0.0,0.0,v1_standard
forward,underbid_rate,0.337037037037037,0.24814814814814815,0.2,-0.137037037037037,v1_standard
forward,mean_abs_deviation,1.0255555555555556,0.5466666666666667,0.4885185185185186,-0.537037037037037,v1_standard
forward,mean_ratio,0.941193094664944,0.9648598654963512,0.9675090475072441,0.02631595284230004,v1_standard
beliefs,truthful_rate,0.7111111111111111,0.7407407407407407,0.7629629629629631,0.05185185185185193,v1_standard
beliefs,overbid_rate,0.0,0.0,0.0,0.0,v1_standard
beliefs,underbid_rate,0.2888888888888889,0.2592592592592593,0.23703703703703705,-0.05185185185185187,v1_standard
beliefs,mean_abs_deviation,0.8044444444444445,0.87,0.38629629629629636,-0.41814814814814816,v1_standard
beliefs,mean_ratio,0.9546069591986434,0.9534419602297078,0.9655130882401881,0.010906129041544754,v1_standard
