mechanism_id,mechanism_label,category,persona_id,persona_file,benchmark,config_file
vickrey_baseline,E1: Vickrey 2P (baseline easy),easy,c0_f0_b0_cot,rule_prompt_v2/personas/spsb_basis_cot/c0_f0_b0.txt,value,config_v2/configs_auction/new_mechanisms_cluster/vickrey_baseline__c0_f0_b0_cot.yaml
vickrey_baseline,E1: Vickrey 2P (baseline easy),easy,c2_f2_b2_cot,rule_prompt_v2/personas/spsb_basis_cot/c2_f2_b2.txt,value,config_v2/configs_auction/new_mechanisms_cluster/vickrey_baseline__c2_f2_b2_cot.yaml
vickrey_baseline,E1: Vickrey 2P (baseline easy),easy,spsb_error_overgeneralizer,rule_prompt_v2/personas/spsb_error_modes/spsb_error_second_price_overgeneralizer.txt,value,config_v2/configs_auction/new_mechanisms_cluster/vickrey_baseline__spsb_error_overgeneralizer.yaml
vickrey_baseline,E1: Vickrey 2P (baseline easy),easy,spsb_error_payment_panic,rule_prompt_v2/personas/spsb_error_modes/spsb_error_payment_panic_near_zero.txt,value,config_v2/configs_auction/new_mechanisms_cluster/vickrey_baseline__spsb_error_payment_panic.yaml
vickrey_baseline,E1: Vickrey 2P (baseline easy),easy,spsb_outcome_truthful,rule_prompt_v2/personas/spsb_outcome_instructions/spsb_outcome_truthful.txt,value,config_v2/configs_auction/new_mechanisms_cluster/vickrey_baseline__spsb_outcome_truthful.yaml
vickrey_osp_hint,E2: 2P + OSP-style framing,easy,c0_f0_b0_cot,rule_prompt_v2/personas/spsb_basis_cot/c0_f0_b0.txt,value,config_v2/configs_auction/new_mechanisms_cluster/vickrey_osp_hint__c0_f0_b0_cot.yaml
vickrey_osp_hint,E2: 2P + OSP-style framing,easy,c2_f2_b2_cot,rule_prompt_v2/personas/spsb_basis_cot/c2_f2_b2.txt,value,config_v2/configs_auction/new_mechanisms_cluster/vickrey_osp_hint__c2_f2_b2_cot.yaml
vickrey_osp_hint,E2: 2P + OSP-style framing,easy,spsb_error_overgeneralizer,rule_prompt_v2/personas/spsb_error_modes/spsb_error_second_price_overgeneralizer.txt,value,config_v2/configs_auction/new_mechanisms_cluster/vickrey_osp_hint__spsb_error_overgeneralizer.yaml
vickrey_osp_hint,E2: 2P + OSP-style framing,easy,spsb_error_payment_panic,rule_prompt_v2/personas/spsb_error_modes/spsb_error_payment_panic_near_zero.txt,value,config_v2/configs_auction/new_mechanisms_cluster/vickrey_osp_hint__spsb_error_payment_panic.yaml
vickrey_osp_hint,E2: 2P + OSP-style framing,easy,spsb_outcome_truthful,rule_prompt_v2/personas/spsb_outcome_instructions/spsb_outcome_truthful.txt,value,config_v2/configs_auction/new_mechanisms_cluster/vickrey_osp_hint__spsb_outcome_truthful.yaml
allpay_first_price,H1: All-pay first-price,hard,c0_f0_b0_cot,rule_prompt_v2/personas/spsb_basis_cot/c0_f0_b0.txt,value**3 / 49**2,config_v2/configs_auction/new_mechanisms_cluster/allpay_first_price__c0_f0_b0_cot.yaml
allpay_first_price,H1: All-pay first-price,hard,c2_f2_b2_cot,rule_prompt_v2/personas/spsb_basis_cot/c2_f2_b2.txt,value**3 / 49**2,config_v2/configs_auction/new_mechanisms_cluster/allpay_first_price__c2_f2_b2_cot.yaml
allpay_first_price,H1: All-pay first-price,hard,spsb_error_overgeneralizer,rule_prompt_v2/personas/spsb_error_modes/spsb_error_second_price_overgeneralizer.txt,value**3 / 49**2,config_v2/configs_auction/new_mechanisms_cluster/allpay_first_price__spsb_error_overgeneralizer.yaml
allpay_first_price,H1: All-pay first-price,hard,spsb_error_payment_panic,rule_prompt_v2/personas/spsb_error_modes/spsb_error_payment_panic_near_zero.txt,value**3 / 49**2,config_v2/configs_auction/new_mechanisms_cluster/allpay_first_price__spsb_error_payment_panic.yaml
allpay_first_price,H1: All-pay first-price,hard,spsb_outcome_truthful,rule_prompt_v2/personas/spsb_outcome_instructions/spsb_outcome_truthful.txt,value**3 / 49**2,config_v2/configs_auction/new_mechanisms_cluster/allpay_first_price__spsb_outcome_truthful.yaml
firstprice_with_reserve,H2: First-price with $15 reserve,hard,c0_f0_b0_cot,rule_prompt_v2/personas/spsb_basis_cot/c0_f0_b0.txt,"max(15, ((3-1)/3) * value) if value >= 15 else 0",config_v2/configs_auction/new_mechanisms_cluster/firstprice_with_reserve__c0_f0_b0_cot.yaml
firstprice_with_reserve,H2: First-price with $15 reserve,hard,c2_f2_b2_cot,rule_prompt_v2/personas/spsb_basis_cot/c2_f2_b2.txt,"max(15, ((3-1)/3) * value) if value >= 15 else 0",config_v2/configs_auction/new_mechanisms_cluster/firstprice_with_reserve__c2_f2_b2_cot.yaml
firstprice_with_reserve,H2: First-price with $15 reserve,hard,spsb_error_overgeneralizer,rule_prompt_v2/personas/spsb_error_modes/spsb_error_second_price_overgeneralizer.txt,"max(15, ((3-1)/3) * value) if value >= 15 else 0",config_v2/configs_auction/new_mechanisms_cluster/firstprice_with_reserve__spsb_error_overgeneralizer.yaml
firstprice_with_reserve,H2: First-price with $15 reserve,hard,spsb_error_payment_panic,rule_prompt_v2/personas/spsb_error_modes/spsb_error_payment_panic_near_zero.txt,"max(15, ((3-1)/3) * value) if value >= 15 else 0",config_v2/configs_auction/new_mechanisms_cluster/firstprice_with_reserve__spsb_error_payment_panic.yaml
firstprice_with_reserve,H2: First-price with $15 reserve,hard,spsb_outcome_truthful,rule_prompt_v2/personas/spsb_outcome_instructions/spsb_outcome_truthful.txt,"max(15, ((3-1)/3) * value) if value >= 15 else 0",config_v2/configs_auction/new_mechanisms_cluster/firstprice_with_reserve__spsb_outcome_truthful.yaml
