run_tag,mechanism,fitness_json,old_fitness,aggregate_fitness,lower_tail_adjustment,robust_fitness,revenue_mean,efficiency_mean,simplicity_proxy,regret_var,failure_rate,intended_action_target,intended_action_scoreable,intended_action_rate,worst_persona_efficiency_mean,p20_persona_efficiency_mean,min_persona_simplicity_proxy,max_persona_winner_profit_var_normalized
run_20260528_232958_p24g2s20260531,mech_003_fpsb_grid_traditional_short_hint_eac2dc3dbda4,data_v2/evo/run_20260528_232958_p24g2s20260531/gen_1/mech_003_fpsb_grid_traditional_short_hint_eac2dc3dbda4.fitness.json,3.2343330171952545,2.10201172896848,1.1323212882267744,3.2343330171952545,27.1,0.9885714285714287,0.7441768970903991,223.05,0.0,target_bid_value_ratio,True,0.3333333333333333,0.9714285714285714,0.9714285714285714,0.6613486449705896,0.017777777777777778
run_20260528_232958_p24g2s20260531,mech_016_first_price_grid_sealed_bid_74f4db950185,data_v2/evo/run_20260528_232958_p24g2s20260531/gen_1/mech_016_first_price_grid_sealed_bid_74f4db950185.fitness.json,3.210914144773486,2.083480193791434,1.1274339509820521,3.210914144773486,27.9,0.9885714285714287,0.7327335798227267,200.81,0.0,target_bid_value_ratio,True,0.26666666666666666,0.9714285714285714,0.9714285714285714,0.6417992959917005,0.017777777777777778
run_20260528_232958_p24g2s20260531,mech_002_first_price_discrete_grid_ipv_f8a437d50933,data_v2/evo/run_20260528_232958_p24g2s20260531/gen_1/mech_002_first_price_discrete_grid_ipv_f8a437d50933.fitness.json,3.2008335075669283,2.1097690501206503,1.091064457446278,3.2008335075669283,28.5,0.9885714285714287,0.6718989468021476,254.49,0.0,target_bid_value_ratio,True,0.36666666666666664,0.9714285714285714,0.9714285714285714,0.4908892230831723,0.012345679012345678
run_20260528_232958_p24g2s20260531,mech_007_fpsb_continuous_menu_552ca79c0747,data_v2/evo/run_20260528_232958_p24g2s20260531/gen_1/mech_007_fpsb_continuous_menu_552ca79c0747.fitness.json,3.1934343446055498,2.1063635483256085,1.0870707962799413,3.1934343446055498,26.270000000000003,0.9885714285714287,0.7548751283972484,216.72809999999998,0.0,target_bid_value_ratio,True,0.36666666666666664,0.9714285714285714,0.9714285714285714,0.480346677183257,0.017777777777777778
run_20260528_232958_p24g2s20260531,mech_008_first_price_sealed_bid_3b69f5a2c89a,data_v2/evo/run_20260528_232958_p24g2s20260531/gen_2/mech_008_first_price_sealed_bid_3b69f5a2c89a.fitness.json,3.1251277484282327,2.149372936778487,0.9757548116497459,3.1251277484282327,28.120000000000005,0.9330158730158731,0.8480972386363378,128.9016,0.0,target_bid_value_ratio,True,0.36666666666666664,0.6936507936507936,0.9158730158730158,0.7048358250822283,0.020864197530864197
run_20260528_232958_p24g2s20260531,mech_010_single_item_first_price_continuous_cf1e065e33a4,data_v2/evo/run_20260528_232958_p24g2s20260531/gen_1/mech_010_single_item_first_price_continuous_cf1e065e33a4.fitness.json,3.0716896041128,2.08905559892937,0.9826340051834299,3.0716896041128,27.620000000000005,0.9387301587301587,0.7718359668181762,129.8996,0.0,target_bid_value_ratio,True,0.3333333333333333,0.7222222222222222,0.9215873015873016,0.6706947508924497,0.027777777777777776
run_20260528_232958_p24g2s20260531,mech_015_fpsb_continuous_traditional_example_c4dc1844a2de,data_v2/evo/run_20260528_232958_p24g2s20260531/gen_1/mech_015_fpsb_continuous_traditional_example_c4dc1844a2de.fitness.json,3.0106529536238056,2.068167697103685,0.9424852565201207,3.0106529536238056,28.920000000000005,0.9330158730158731,0.7245331790398206,160.22959999999998,0.0,target_bid_value_ratio,True,0.3,0.6936507936507936,0.9158730158730158,0.5717576045637278,0.020864197530864197
run_20260528_232958_p24g2s20260531,mech_002_fpsb_continuous_traditional_example_b1aae08d0a4b,data_v2/evo/run_20260528_232958_p24g2s20260531/gen_0/mech_002_fpsb_continuous_traditional_example_b1aae08d0a4b.fitness.json,2.958289593657027,2.0222779226373295,0.9360116710196972,2.958289593657027,23.82,0.9387301587301587,0.757414441394588,333.3916,0.0,target_bid_value_ratio,True,0.43333333333333335,0.6936507936507936,0.9387301587301587,0.630519347218119,0.15123456790123457
run_20260528_232958_p24g2s20260531,mech_016_fpsb_grid_fine_traditional_hint_32106a87175b,data_v2/evo/run_20260528_232958_p24g2s20260531/gen_0/mech_016_fpsb_grid_fine_traditional_hint_32106a87175b.fitness.json,2.9581789476486944,2.0367441198320457,0.9214348278166485,2.9581789476486944,27.2,0.9215873015873017,0.6886963525388705,137.45,0.0,target_bid_value_ratio,True,0.36666666666666664,0.6936507936507936,0.9158730158730158,0.4908892230831723,0.02419753086419753
run_20260528_232958_p24g2s20260531,mech_012_fpsb_grid_coarse_menu_none_ae40994dac26,data_v2/evo/run_20260528_232958_p24g2s20260531/gen_0/mech_012_fpsb_grid_coarse_menu_none_ae40994dac26.fitness.json,2.8639164621267064,2.042089240201605,0.8218272219251014,2.8639164621267064,28.9,0.9330158730158731,0.5922603146183778,102.16,0.0,target_bid_value_ratio,True,0.36666666666666664,0.7222222222222222,0.9215873015873016,0.02746761785913543,0.027777777777777776
run_20260528_232958_p24g2s20260531,mech_008_fpsb_grid_traditional_private_only_f1097a8108d7,data_v2/evo/run_20260528_232958_p24g2s20260531/gen_1/mech_008_fpsb_grid_traditional_private_only_f1097a8108d7.fitness.json,2.8520427708063845,2.0495849125065546,0.8024578582998297,2.8520427708063845,27.9,0.9330158730158731,0.6145603012035852,86.76,0.0,target_bid_value_ratio,True,0.4,0.6936507936507936,0.9158730158730158,0.011648011682563797,0.020864197530864197
run_20260528_232958_p24g2s20260531,mech_011_first_price_sealed_bid_a36f213472bb,data_v2/evo/run_20260528_232958_p24g2s20260531/gen_2/mech_011_first_price_sealed_bid_a36f213472bb.fitness.json,2.7679914684676596,2.0320852561279756,0.7359062123396839,2.7679914684676596,25.620000000000005,0.9155555555555555,0.6902015246016301,118.0256,0.0,target_bid_value_ratio,True,0.43333333333333335,0.5777777777777777,0.9155555555555556,0.053748306148859226,0.09679012345679011
run_20260528_232958_p24g2s20260531,mech_004_fpsb_grid_traditional_hint_e68abb6f5ce5,data_v2/evo/run_20260528_232958_p24g2s20260531/gen_1/mech_004_fpsb_grid_traditional_hint_e68abb6f5ce5.fitness.json,2.7008424102122865,1.9390833232349636,0.7617590869773229,2.7008424102122865,27.9,0.9330158730158731,0.3955324313023787,94.76,0.0,target_bid_value_ratio,True,0.4,0.7222222222222222,0.9215873015873016,-0.21280492193197853,0.027777777777777776
run_20260528_232958_p24g2s20260531,mech_012_sealed_bid_first_price_grid_f309574c6818,data_v2/evo/run_20260528_232958_p24g2s20260531/gen_2/mech_012_sealed_bid_first_price_grid_f309574c6818.fitness.json,2.4893805403805573,1.9247402067757278,0.5646403336048297,2.4893805403805573,28.3,0.8971428571428571,0.4469700079077167,200.69,0.0,target_bid_value_ratio,True,0.4,0.5142857142857142,0.88,-0.29099774847309723,0.23901234567901233
run_20260528_232958_p24g2s20260531,mech_004_sealed_bid_first_price_grid_bf08ba90f18e,data_v2/evo/run_20260528_232958_p24g2s20260531/gen_2/mech_004_sealed_bid_first_price_grid_bf08ba90f18e.fitness.json,2.4153178109578635,1.853111176529579,0.5622066344282848,2.4153178109578635,28.8,0.8857142857142858,0.33384563348243823,185.16,0.0,target_bid_value_ratio,True,0.36666666666666664,0.5142857142857142,0.88,-0.30073254517927683,0.23901234567901233
run_20260528_232958_p24g2s20260531,mech_005_first_price_discrete_grid_ipv_bd5e25c143f9,data_v2/evo/run_20260528_232958_p24g2s20260531/gen_2/mech_005_first_price_discrete_grid_ipv_bd5e25c143f9.fitness.json,2.342112534473564,1.8909725548790328,0.4511399795945311,2.342112534473564,29.8,0.8358730158730159,0.4715546335675892,77.49,0.0,target_bid_value_ratio,True,0.3333333333333333,0.2365079365079365,0.8244444444444444,-0.2727769422920694,0.0445679012345679
run_20260528_232958_p24g2s20260531,mech_008_fpsb_grid_coarse_traditional_none_0d9430082bae,data_v2/evo/run_20260528_232958_p24g2s20260531/gen_0/mech_008_fpsb_grid_coarse_traditional_none_0d9430082bae.fitness.json,2.2943825637593958,1.8432425841648648,0.4511399795945311,2.2943825637593958,28.9,0.8415873015873017,0.37259451577241054,82.6,0.0,target_bid_value_ratio,True,0.36666666666666664,0.2365079365079365,0.8244444444444444,-0.2727769422920694,0.0445679012345679
run_20260528_232958_p24g2s20260531,mech_004_fpsb_continuous_menu_none_d5f4da5e47d1,data_v2/evo/run_20260528_232958_p24g2s20260531/gen_0/mech_004_fpsb_continuous_menu_none_d5f4da5e47d1.fitness.json,2.1967662733495232,1.9108305583363179,0.2859357150132053,2.1967662733495232,26.970000000000006,0.8126984126984127,0.5572445628807481,106.5701,0.0,target_bid_value_ratio,True,0.4666666666666667,0.09206349206349207,0.7955555555555556,-0.6270507907408296,0.004444444444444445
run_20260528_232958_p24g2s20260531,mech_018_single_item_first_price_grid_2f4b673fe193,data_v2/evo/run_20260528_232958_p24g2s20260531/gen_2/mech_018_single_item_first_price_grid_2f4b673fe193.fitness.json,2.1495466484050314,1.7978682215831885,0.3516784268218428,2.1495466484050314,27.0,0.9028571428571428,0.2967974660940669,162.44,0.0,target_bid_value_ratio,True,0.3333333333333333,0.5142857142857142,0.9028571428571429,-1.188559661319331,0.23901234567901233
run_20260528_232958_p24g2s20260531,mech_009_first_price_continuous_bid_0ac563e6ff48,data_v2/evo/run_20260528_232958_p24g2s20260531/gen_2/mech_009_first_price_continuous_bid_0ac563e6ff48.fitness.json,1.877659647311064,1.804338256703798,0.073321390607266,1.877659647311064,28.220000000000006,0.8358730158730159,0.3657827285751436,66.4516,0.0,target_bid_value_ratio,True,0.3333333333333333,0.2365079365079365,0.8244444444444444,-1.7840512982411298,0.04456790123456789
run_20260528_232958_p24g2s20260531,mech_016_first_price_continuous_bid_sealed_f4d0306fde9a,data_v2/evo/run_20260528_232958_p24g2s20260531/gen_2/mech_016_first_price_continuous_bid_sealed_f4d0306fde9a.fitness.json,1.7812661960739031,1.7653378819651213,0.01592831410878175,1.7812661960739031,26.250000000000007,0.8184126984126984,0.3359655522900308,35.5665,0.0,target_bid_value_ratio,True,0.4,0.09206349206349207,0.8184126984126985,-1.7397564084678714,0.017482716049382712
run_20260528_232958_p24g2s20260531,mech_001_sealed_bid_first_price_grid_a6fb7771c67c,data_v2/evo/run_20260528_232958_p24g2s20260531/gen_2/mech_001_sealed_bid_first_price_grid_a6fb7771c67c.fitness.json,-0.8391812334173019,1.0092811982381527,-1.8484624316554545,-0.8391812334173019,28.6,0.9155555555555555,-1.4174771096965344,133.04,0.0,target_bid_value_ratio,True,0.36666666666666664,0.5777777777777777,0.9155555555555556,-10.283726269831694,0.09679012345679013
run_20260528_232958_p24g2s20260531,mech_009_fpsb_grid_coarse_traditional_hint_fd4590177f52,data_v2/evo/run_20260528_232958_p24g2s20260531/gen_0/mech_009_fpsb_grid_coarse_traditional_hint_fd4590177f52.fitness.json,-0.87869627295885,0.9540501002335834,-1.8327463731924334,-0.87869627295885,28.8,0.9273015873015874,-1.5292461840125515,123.89,0.0,target_bid_value_ratio,True,0.3333333333333333,0.6936507936507936,0.9158730158730158,-10.529168914286489,0.020864197530864197
run_20260528_232958_p24g2s20260531,mech_001_fpsb_continuous_traditional_hint_6d580d035b67,data_v2/evo/run_20260528_232958_p24g2s20260531/gen_0/mech_001_fpsb_continuous_traditional_hint_6d580d035b67.fitness.json,-0.9759800757406474,0.9060989753379336,-1.882079051078581,-0.9759800757406474,25.820000000000004,0.8069841269841269,-1.2599639823047322,361.9156,0.0,target_bid_value_ratio,True,0.4,0.5142857142857142,0.5650793650793651,-9.469268585266704,0.21777777777777776
run_20260528_232958_p24g2s20260531,mech_010_single_item_first_price_ranked_menu_5d7f782dfa6a,data_v2/evo/run_20260528_232958_p24g2s20260531/gen_2/mech_010_single_item_first_price_ranked_menu_5d7f782dfa6a.fitness.json,-1.006736891852681,0.9221954343215257,-1.9289323261742066,-1.006736891852681,28.8,0.9028571428571428,-1.4533826763304933,491.16,0.0,target_bid_value_ratio,True,0.3333333333333333,0.5142857142857142,0.9028571428571429,-10.311002673303529,0.23901234567901233
run_20260528_232958_p24g2s20260531,mech_013_first_price_discrete_grid_c34401a04d7f,data_v2/evo/run_20260528_232958_p24g2s20260531/gen_2/mech_013_first_price_discrete_grid_c34401a04d7f.fitness.json,-1.083432930047558,0.8651230556344678,-1.9485559856820258,-1.083432930047558,28.8,0.8914285714285715,-1.5135888093659853,482.04,0.0,target_bid_value_ratio,True,0.3,0.5142857142857142,0.88,-10.34378302562052,0.23901234567901233
run_20260528_232958_p24g2s20260531,mech_011_fpsb_discrete_grid_traditional_36813b25b894,data_v2/evo/run_20260528_232958_p24g2s20260531/gen_1/mech_011_fpsb_discrete_grid_traditional_36813b25b894.fitness.json,-1.0843602375622987,0.9242920900960081,-2.008652327658307,-1.0843602375622987,28.3,0.8857142857142858,-1.4945950085205064,483.41,0.0,target_bid_value_ratio,True,0.43333333333333335,0.5142857142857142,0.88,-10.584168393525642,0.23901234567901233
run_20260528_232958_p24g2s20260531,mech_001_fpsb_continuous_worked_example_009382c9a780,data_v2/evo/run_20260528_232958_p24g2s20260531/gen_1/mech_001_fpsb_continuous_worked_example_009382c9a780.fitness.json,-1.1107316658611297,0.9341863720744122,-2.044918037935542,-1.1107316658611297,27.120000000000005,0.8415873015873017,-1.3802997355689888,431.3336,0.0,target_bid_value_ratio,True,0.4666666666666667,0.5142857142857142,0.6806349206349206,-10.361982557385906,0.20753086419753086
run_20260528_232958_p24g2s20260531,mech_012_first_price_grid_sealed_bid_69a486902717,data_v2/evo/run_20260528_232958_p24g2s20260531/gen_1/mech_012_first_price_grid_sealed_bid_69a486902717.fitness.json,-1.1651826932808778,0.8118376151456383,-1.977020308426516,-1.1651826932808778,28.3,0.9028571428571428,-1.7592217714723914,191.41,0.0,target_bid_value_ratio,True,0.36666666666666664,0.5142857142857142,0.9028571428571429,-10.503354602312767,0.23901234567901233
run_20260528_232958_p24g2s20260531,mech_009_fpsb_discrete_grid_traditional_5648e8e3cb1b,data_v2/evo/run_20260528_232958_p24g2s20260531/gen_1/mech_009_fpsb_discrete_grid_traditional_5648e8e3cb1b.fitness.json,-1.2610351837165208,0.7923080074387316,-2.0533431911552524,-1.2610351837165208,29.3,0.9387301587301587,-1.895510969249521,133.2,0.0,target_bid_value_ratio,True,0.3333333333333333,0.7222222222222222,0.9215873015873016,-11.473214034462279,0.027777777777777776
run_20260528_232958_p24g2s20260531,mech_015_first_price_discrete_grid_3p_a7947275587f,data_v2/evo/run_20260528_232958_p24g2s20260531/gen_2/mech_015_first_price_discrete_grid_3p_a7947275587f.fitness.json,-1.2668053293696153,0.8524938437833658,-2.119299173152981,-1.2668053293696153,28.8,0.8311111111111111,-1.5524345346554904,343.44,0.0,target_bid_value_ratio,True,0.4,0.5777777777777777,0.5777777777777777,-10.691517680266244,0.09679012345679013
run_20260528_232958_p24g2s20260531,mech_015_fpsb_grid_menu_afcd31979a0e,data_v2/evo/run_20260528_232958_p24g2s20260531/gen_0/mech_015_fpsb_grid_menu_afcd31979a0e.fitness.json,-1.3181298725995843,0.8466811898365412,-2.1648110624361254,-1.3181298725995843,28.8,0.8184126984126984,-1.4984259801152775,371.4,0.0,target_bid_value_ratio,True,0.36666666666666664,0.5142857142857142,0.5650793650793651,-10.578962062795647,0.23901234567901233
run_20260528_232958_p24g2s20260531,mech_006_fpsb_continuous_traditional_3c6249464b93,data_v2/evo/run_20260528_232958_p24g2s20260531/gen_1/mech_006_fpsb_continuous_traditional_3c6249464b93.fitness.json,-1.3309779300426499,0.812506698894469,-2.1434846289371188,-1.3309779300426499,26.520000000000003,0.8415873015873017,-1.4984729090893696,695.3376,0.0,target_bid_value_ratio,True,0.43333333333333335,0.2365079365079365,0.8244444444444444,-10.664238339381633,0.03160493827160494
run_20260528_232958_p24g2s20260531,mech_014_first_price_grid_short_hint_d01dccf63b5c,data_v2/evo/run_20260528_232958_p24g2s20260531/gen_1/mech_014_first_price_grid_short_hint_d01dccf63b5c.fitness.json,-1.3852712339787594,0.7299324522937609,-2.1152036862725203,-1.3852712339787594,28.4,0.8069841269841269,-1.586794707405423,389.6,0.0,target_bid_value_ratio,True,0.26666666666666666,0.5142857142857142,0.5422222222222223,-10.334818272426942,0.23901234567901233
run_20260528_232958_p24g2s20260531,mech_007_sealed_bid_first_price_discrete_grid_516a8a94793d,data_v2/evo/run_20260528_232958_p24g2s20260531/gen_2/mech_007_sealed_bid_first_price_discrete_grid_516a8a94793d.fitness.json,-1.557695091487711,0.7573470305934107,-2.3150421220811217,-1.557695091487711,29.0,0.8371428571428572,-1.69403856667914,355.49,0.0,target_bid_value_ratio,True,0.3333333333333333,0.5777777777777777,0.6704761904761904,-11.659886301375632,0.09679012345679013
run_20260528_232958_p24g2s20260531,mech_000_fpsb_discrete_grid_traditional_34b381cd7078,data_v2/evo/run_20260528_232958_p24g2s20260531/gen_1/mech_000_fpsb_discrete_grid_traditional_34b381cd7078.fitness.json,-1.6124860367608567,0.6939314980197961,-2.306417534780653,-1.6124860367608567,28.2,0.8485714285714285,-1.7343934413501785,384.29,0.0,target_bid_value_ratio,True,0.26666666666666666,0.5492063492063493,0.6876190476190476,-11.615864142649949,0.08345679012345679
run_20260528_232958_p24g2s20260531,mech_017_first_price_sealed_bid_ipv_70aed1e7c092,data_v2/evo/run_20260528_232958_p24g2s20260531/gen_2/mech_017_first_price_sealed_bid_ipv_70aed1e7c092.fitness.json,-1.6135723657365224,0.7621720643748945,-2.375744430111417,-1.6135723657365224,28.090000000000003,0.7212698412698413,-1.4563459488516224,311.6909,0.0,target_bid_value_ratio,True,0.36666666666666664,0.09206349206349207,0.4298412698412698,-10.339256380057659,0.20753086419753086
run_20260528_232958_p24g2s20260531,mech_013_fpsb_continuous_private_a4008ef27260,data_v2/evo/run_20260528_232958_p24g2s20260531/gen_1/mech_013_fpsb_continuous_private_a4008ef27260.fitness.json,-1.6654271363653228,0.75040467725221,-2.4158318136175327,-1.6654271363653228,29.020000000000003,0.7212698412698413,-1.4588420317389663,294.2976,0.0,target_bid_value_ratio,True,0.3,0.09206349206349207,0.4298412698412698,-10.478865173341383,0.22827160493827162
run_20260528_232958_p24g2s20260531,mech_005_fpsb_discrete_grid_menu_e2d4f2452783,data_v2/evo/run_20260528_232958_p24g2s20260531/gen_1/mech_005_fpsb_discrete_grid_menu_e2d4f2452783.fitness.json,-1.7019931781540607,0.6836422781412175,-2.385635456295278,-1.7019931781540607,28.8,0.8358730158730159,-1.757970117438905,377.29,0.0,target_bid_value_ratio,True,0.26666666666666666,0.5142857142857142,0.6577777777777778,-11.647656463629083,0.23901234567901233
run_20260528_232958_p24g2s20260531,mech_003_first_price_sealed_bid_ipv_db7bddc5c65f,data_v2/evo/run_20260528_232958_p24g2s20260531/gen_2/mech_003_first_price_sealed_bid_ipv_db7bddc5c65f.fitness.json,-1.70331226354371,0.7130143550990296,-2.4163266186427395,-1.70331226354371,26.820000000000004,0.8,-1.646097314493299,485.4896,0.0,target_bid_value_ratio,True,0.4,0.5142857142857142,0.5142857142857142,-11.472449331713815,0.25
run_20260528_232958_p24g2s20260531,mech_006_fpsb_grid_traditional_ba98afa143cd,data_v2/evo/run_20260528_232958_p24g2s20260531/gen_2/mech_006_fpsb_grid_traditional_ba98afa143cd.fitness.json,-1.7635621027737813,0.6509971894501557,-2.414559292223937,-1.7635621027737813,28.6,0.6946031746031747,-1.5918440690714704,404.24,0.0,target_bid_value_ratio,True,0.3333333333333333,0.2365079365079365,0.2365079365079365,-10.559701013692926,0.0445679012345679
run_20260528_232958_p24g2s20260531,mech_014_sealed_bid_first_price_grid_82af1a8bf679,data_v2/evo/run_20260528_232958_p24g2s20260531/gen_2/mech_014_sealed_bid_first_price_grid_82af1a8bf679.fitness.json,-1.8103118772057467,0.6245114038287753,-2.434823281034522,-1.8103118772057467,29.0,0.8069841269841269,-1.7606886561872468,377.24,0.0,target_bid_value_ratio,True,0.2,0.5142857142857142,0.5422222222222223,-11.613296651474947,0.23901234567901233
run_20260528_232958_p24g2s20260531,mech_002_sealed_bid_first_price_ipv_2e39e4ef15c0,data_v2/evo/run_20260528_232958_p24g2s20260531/gen_2/mech_002_sealed_bid_first_price_ipv_2e39e4ef15c0.fitness.json,-2.0726398018042165,0.09663680841858965,-2.169276610222806,-2.0726398018042165,29.320000000000004,0.8057142857142857,-2.991555547183985,390.32759999999996,0.0,target_bid_value_ratio,True,0.36666666666666664,0.5142857142857142,0.5142857142857142,-10.484249298034081,0.25
run_20260528_232958_p24g2s20260531,mech_000_first_price_sealed_bid_b8c415e03c63,data_v2/evo/run_20260528_232958_p24g2s20260531/gen_2/mech_000_first_price_sealed_bid_b8c415e03c63.fitness.json,-2.496884234438851,-0.07312605349677345,-2.4237581809420776,-2.496884234438851,28.320000000000004,0.6241269841269841,-2.9490839517907252,421.5596,0.0,target_bid_value_ratio,True,0.4,0.09206349206349207,0.4298412698412698,-10.45439780313339,0.28444444444444444
