run_tag,mechanism,persona,n,value_profiles,revenue_mean,revenue_min,revenue_max,efficiency_mean,efficiency_min,simplicity_proxy_mean,winner_profit_mean,winner_profit_var
run_20260528_232958_p24g2s20260531,mech_000_first_price_sealed_bid_b8c415e03c63,c0_f0_b0,2,2,27.5,25.0,30.0,1.0,1.0,0.8236683641196767,12.5,6.25
run_20260528_232958_p24g2s20260531,mech_000_first_price_sealed_bid_b8c415e03c63,c2_f0_b2,2,2,32.0,30.0,34.0,0.5142857142857142,0.02857142857142857,-6.974932361333289,-9.0,576.0
run_20260528_232958_p24g2s20260531,mech_000_first_price_sealed_bid_b8c415e03c63,c2_f2_b2,2,2,31.5,30.0,33.0,1.0,1.0,0.8856975802392177,8.5,42.25
run_20260528_232958_p24g2s20260531,mech_000_first_price_sealed_bid_b8c415e03c63,spsb_error_payment_panic_near_zero,2,2,0.1,0.1,0.1,0.09206349206349207,0.02857142857142857,0.9745444611541586,3.9000000000000004,9.000000000000002
run_20260528_232958_p24g2s20260531,mech_000_first_price_sealed_bid_b8c415e03c63,spsb_error_second_price_overgeneralizer,2,2,50.5,49.0,52.0,0.5142857142857142,0.02857142857142857,-10.45439780313339,-27.5,420.25
run_20260528_232958_p24g2s20260531,mech_000_fpsb_discrete_grid_traditional_34b381cd7078,c0_f0_b0,2,2,26.0,24.0,28.0,1.0,1.0,0.6690790783143494,14.0,9.0
run_20260528_232958_p24g2s20260531,mech_000_fpsb_discrete_grid_traditional_34b381cd7078,c2_f0_b2,2,2,29.0,24.0,34.0,0.9714285714285714,0.9428571428571428,0.6613486449705896,10.0,1.0
run_20260528_232958_p24g2s20260531,mech_000_fpsb_discrete_grid_traditional_34b381cd7078,c2_f2_b2,2,2,35.0,28.0,42.0,1.0,1.0,0.6789466032981332,5.0,4.0
run_20260528_232958_p24g2s20260531,mech_000_fpsb_discrete_grid_traditional_34b381cd7078,spsb_error_payment_panic_near_zero,2,2,2.0,2.0,2.0,0.7222222222222222,0.4444444444444444,0.9345226093159842,25.5,56.25
run_20260528_232958_p24g2s20260531,mech_000_fpsb_discrete_grid_traditional_34b381cd7078,spsb_error_second_price_overgeneralizer,2,2,49.0,49.0,49.0,0.5492063492063493,0.15555555555555556,-11.615864142649949,-29.0,169.0
run_20260528_232958_p24g2s20260531,mech_001_fpsb_continuous_traditional_hint_6d580d035b67,c0_f0_b0,2,2,29.0,25.0,33.0,0.9714285714285714,0.9428571428571428,0.6621289328607,10.0,4.0
run_20260528_232958_p24g2s20260531,mech_001_fpsb_continuous_traditional_hint_6d580d035b67,c2_f0_b2,2,2,28.0,24.5,31.5,1.0,1.0,0.6969542366343369,12.0,2.25
run_20260528_232958_p24g2s20260531,mech_001_fpsb_continuous_traditional_hint_6d580d035b67,c2_f2_b2,2,2,26.0,22.0,30.0,0.9714285714285714,0.9428571428571428,0.8358210430938461,13.0,4.0
run_20260528_232958_p24g2s20260531,mech_001_fpsb_continuous_traditional_hint_6d580d035b67,spsb_error_payment_panic_near_zero,2,2,0.1,0.1,0.1,0.5777777777777777,0.15555555555555556,0.9745444611541586,20.9,195.99999999999997
run_20260528_232958_p24g2s20260531,mech_001_fpsb_continuous_traditional_hint_6d580d035b67,spsb_error_second_price_overgeneralizer,2,2,46.0,45.0,47.0,0.5142857142857142,0.02857142857142857,-9.469268585266704,-23.0,441.0
run_20260528_232958_p24g2s20260531,mech_001_fpsb_continuous_worked_example_009382c9a780,c0_f0_b0,2,2,29.5,25.0,34.0,1.0,1.0,0.8152466866282642,10.5,0.25
run_20260528_232958_p24g2s20260531,mech_001_fpsb_continuous_worked_example_009382c9a780,c2_f0_b2,2,2,27.5,25.0,30.0,1.0,1.0,0.8236683641196767,12.5,6.25
run_20260528_232958_p24g2s20260531,mech_001_fpsb_continuous_worked_example_009382c9a780,c2_f2_b2,2,2,28.0,25.0,31.0,0.9714285714285714,0.9428571428571428,0.8470243676388611,11.0,9.0
run_20260528_232958_p24g2s20260531,mech_001_fpsb_continuous_worked_example_009382c9a780,spsb_error_payment_panic_near_zero,2,2,0.1,0.1,0.1,0.7222222222222222,0.4444444444444444,0.9745444611541586,27.4,56.25
run_20260528_232958_p24g2s20260531,mech_001_fpsb_continuous_worked_example_009382c9a780,spsb_error_second_price_overgeneralizer,2,2,50.5,49.0,52.0,0.5142857142857142,0.02857142857142857,-10.361982557385906,-27.5,420.25
run_20260528_232958_p24g2s20260531,mech_001_sealed_bid_first_price_grid_a6fb7771c67c,c0_f0_b0,2,2,30.0,26.0,34.0,1.0,1.0,0.6702808104627269,10.0,1.0
run_20260528_232958_p24g2s20260531,mech_001_sealed_bid_first_price_grid_a6fb7771c67c,c2_f0_b2,2,2,28.0,24.0,32.0,1.0,1.0,0.8031357241482393,12.0,1.0
run_20260528_232958_p24g2s20260531,mech_001_sealed_bid_first_price_grid_a6fb7771c67c,c2_f2_b2,2,2,34.0,26.0,42.0,1.0,1.0,0.7994053620882572,6.0,9.0
run_20260528_232958_p24g2s20260531,mech_001_sealed_bid_first_price_grid_a6fb7771c67c,spsb_error_payment_panic_near_zero,2,2,2.0,2.0,2.0,0.5777777777777777,0.15555555555555556,0.9235188246497994,19.0,196.0
run_20260528_232958_p24g2s20260531,mech_001_sealed_bid_first_price_grid_a6fb7771c67c,spsb_error_second_price_overgeneralizer,2,2,49.0,49.0,49.0,1.0,1.0,-10.283726269831694,-9.0,25.0
run_20260528_232958_p24g2s20260531,mech_002_first_price_discrete_grid_ipv_f8a437d50933,c0_f0_b0,2,2,27.0,24.0,30.0,0.9714285714285714,0.9428571428571428,0.8117073888431385,12.0,9.0
run_20260528_232958_p24g2s20260531,mech_002_first_price_discrete_grid_ipv_f8a437d50933,c2_f0_b2,2,2,27.0,24.0,30.0,1.0,1.0,0.6793660902607205,13.0,4.0
run_20260528_232958_p24g2s20260531,mech_002_first_price_discrete_grid_ipv_f8a437d50933,c2_f2_b2,2,2,38.0,32.0,44.0,0.9714285714285714,0.9428571428571428,0.7037931328815656,1.0,0.0
run_20260528_232958_p24g2s20260531,mech_002_first_price_discrete_grid_ipv_f8a437d50933,spsb_error_payment_panic_near_zero,2,2,2.0,2.0,2.0,1.0,1.0,0.4908892230831723,38.0,25.0
run_20260528_232958_p24g2s20260531,mech_002_first_price_discrete_grid_ipv_f8a437d50933,spsb_error_second_price_overgeneralizer,2,2,48.5,48.0,49.0,1.0,1.0,0.6737388989421407,-8.5,20.25
run_20260528_232958_p24g2s20260531,mech_002_fpsb_continuous_traditional_example_b1aae08d0a4b,c0_f0_b0,2,2,27.5,25.0,30.0,1.0,1.0,0.7060713607376102,12.5,6.25
run_20260528_232958_p24g2s20260531,mech_002_fpsb_continuous_traditional_example_b1aae08d0a4b,c2_f0_b2,2,2,27.0,24.0,30.0,1.0,1.0,0.6720550800648858,13.0,4.0
run_20260528_232958_p24g2s20260531,mech_002_fpsb_continuous_traditional_example_b1aae08d0a4b,c2_f2_b2,2,2,26.5,23.0,30.0,1.0,1.0,0.8038819577981662,13.5,2.25
run_20260528_232958_p24g2s20260531,mech_002_fpsb_continuous_traditional_example_b1aae08d0a4b,spsb_error_payment_panic_near_zero,2,2,0.1,0.1,0.1,1.0,1.0,0.9745444611541586,39.9,25.0
run_20260528_232958_p24g2s20260531,mech_002_fpsb_continuous_traditional_example_b1aae08d0a4b,spsb_error_second_price_overgeneralizer,2,2,38.0,27.0,49.0,0.6936507936507936,0.4444444444444444,0.630519347218119,-11.5,306.25
run_20260528_232958_p24g2s20260531,mech_002_sealed_bid_first_price_ipv_2e39e4ef15c0,c0_f0_b0,2,2,28.5,25.0,32.0,1.0,1.0,0.7043145069408447,11.5,2.25
run_20260528_232958_p24g2s20260531,mech_002_sealed_bid_first_price_ipv_2e39e4ef15c0,c2_f0_b2,2,2,33.5,33.0,34.0,0.5142857142857142,0.02857142857142857,-7.019983253494317,-10.5,506.25
run_20260528_232958_p24g2s20260531,mech_002_sealed_bid_first_price_ipv_2e39e4ef15c0,c2_f2_b2,2,2,32.5,31.0,34.0,1.0,1.0,0.8675958475134711,7.5,42.25
run_20260528_232958_p24g2s20260531,mech_002_sealed_bid_first_price_ipv_2e39e4ef15c0,spsb_error_payment_panic_near_zero,2,2,0.1,0.1,0.1,0.5142857142857142,0.02857142857142857,0.9745444611541586,22.9,483.99999999999994
run_20260528_232958_p24g2s20260531,mech_002_sealed_bid_first_price_ipv_2e39e4ef15c0,spsb_error_second_price_overgeneralizer,2,2,52.0,52.0,52.0,1.0,1.0,-10.484249298034081,-12.0,25.0
run_20260528_232958_p24g2s20260531,mech_003_first_price_sealed_bid_ipv_db7bddc5c65f,c0_f0_b0,2,2,27.5,23.0,32.0,1.0,1.0,0.8371469762715005,12.5,0.25
run_20260528_232958_p24g2s20260531,mech_003_first_price_sealed_bid_ipv_db7bddc5c65f,c2_f0_b2,2,2,26.5,23.0,30.0,1.0,1.0,0.7126363278187622,13.5,2.25
run_20260528_232958_p24g2s20260531,mech_003_first_price_sealed_bid_ipv_db7bddc5c65f,c2_f2_b2,2,2,31.5,30.0,33.0,0.9714285714285714,0.9428571428571428,0.7176349940028947,7.5,56.25
run_20260528_232958_p24g2s20260531,mech_003_first_price_sealed_bid_ipv_db7bddc5c65f,spsb_error_payment_panic_near_zero,2,2,0.1,0.1,0.1,0.5142857142857142,0.02857142857142857,0.9745444611541586,22.9,483.99999999999994
run_20260528_232958_p24g2s20260531,mech_003_first_price_sealed_bid_ipv_db7bddc5c65f,spsb_error_second_price_overgeneralizer,2,2,48.5,48.0,49.0,0.5142857142857142,0.02857142857142857,-11.472449331713815,-25.5,506.25
run_20260528_232958_p24g2s20260531,mech_003_fpsb_grid_traditional_short_hint_eac2dc3dbda4,c0_f0_b0,2,2,29.0,24.0,34.0,0.9714285714285714,0.9428571428571428,0.6613486449705896,10.0,1.0
run_20260528_232958_p24g2s20260531,mech_003_fpsb_grid_traditional_short_hint_eac2dc3dbda4,c2_f0_b2,2,2,28.0,24.0,32.0,1.0,1.0,0.6615648698579888,12.0,1.0
run_20260528_232958_p24g2s20260531,mech_003_fpsb_grid_traditional_short_hint_eac2dc3dbda4,c2_f2_b2,2,2,28.0,26.0,30.0,1.0,1.0,0.7242008318179534,12.0,9.0
run_20260528_232958_p24g2s20260531,mech_003_fpsb_grid_traditional_short_hint_eac2dc3dbda4,spsb_error_payment_panic_near_zero,2,2,2.0,2.0,2.0,0.9714285714285714,0.9428571428571428,0.9345226093159842,37.0,36.0
run_20260528_232958_p24g2s20260531,mech_003_fpsb_grid_traditional_short_hint_eac2dc3dbda4,spsb_error_second_price_overgeneralizer,2,2,48.5,48.0,49.0,1.0,1.0,0.7392475294894796,-8.5,20.25
run_20260528_232958_p24g2s20260531,mech_004_fpsb_continuous_menu_none_d5f4da5e47d1,c0_f0_b0,2,2,28.25,24.5,32.0,1.0,1.0,0.831946027008115,11.75,1.5625
run_20260528_232958_p24g2s20260531,mech_004_fpsb_continuous_menu_none_d5f4da5e47d1,c2_f0_b2,2,2,27.5,24.0,31.0,1.0,1.0,0.7099328648841893,12.5,2.25
run_20260528_232958_p24g2s20260531,mech_004_fpsb_continuous_menu_none_d5f4da5e47d1,c2_f2_b2,2,2,26.5,23.0,30.0,1.0,1.0,0.8968502520981074,13.5,2.25
run_20260528_232958_p24g2s20260531,mech_004_fpsb_continuous_menu_none_d5f4da5e47d1,spsb_error_payment_panic_near_zero,2,2,0.1,0.1,0.1,0.09206349206349207,0.02857142857142857,0.9745444611541586,3.9000000000000004,9.000000000000002
run_20260528_232958_p24g2s20260531,mech_004_fpsb_continuous_menu_none_d5f4da5e47d1,spsb_error_second_price_overgeneralizer,2,2,52.5,45.0,60.0,0.9714285714285714,0.9428571428571428,-0.6270507907408296,-13.5,2.25
run_20260528_232958_p24g2s20260531,mech_004_fpsb_grid_traditional_hint_e68abb6f5ce5,c0_f0_b0,2,2,27.5,25.0,30.0,0.9714285714285714,0.9428571428571428,0.809246423644602,11.5,12.25
run_20260528_232958_p24g2s20260531,mech_004_fpsb_grid_traditional_hint_e68abb6f5ce5,c2_f0_b2,2,2,27.5,25.0,30.0,0.9714285714285714,0.9428571428571428,0.6584944463665874,11.5,12.25
run_20260528_232958_p24g2s20260531,mech_004_fpsb_grid_traditional_hint_e68abb6f5ce5,c2_f2_b2,2,2,35.0,30.0,40.0,1.0,1.0,0.7539196551852991,5.0,0.0
run_20260528_232958_p24g2s20260531,mech_004_fpsb_grid_traditional_hint_e68abb6f5ce5,spsb_error_payment_panic_near_zero,2,2,5.0,5.0,5.0,0.7222222222222222,0.4444444444444444,-0.21280492193197853,22.5,56.25
run_20260528_232958_p24g2s20260531,mech_004_fpsb_grid_traditional_hint_e68abb6f5ce5,spsb_error_second_price_overgeneralizer,2,2,44.5,40.0,49.0,1.0,1.0,-0.03119344675261676,-4.5,0.25
run_20260528_232958_p24g2s20260531,mech_004_sealed_bid_first_price_grid_bf08ba90f18e,c0_f0_b0,2,2,27.5,25.0,30.0,0.9714285714285714,0.9428571428571428,0.6584944463665874,11.5,12.25
run_20260528_232958_p24g2s20260531,mech_004_sealed_bid_first_price_grid_bf08ba90f18e,c2_f0_b2,2,2,30.0,25.0,35.0,0.9714285714285714,0.9428571428571428,0.6461749324966627,9.0,1.0
run_20260528_232958_p24g2s20260531,mech_004_sealed_bid_first_price_grid_bf08ba90f18e,c2_f2_b2,2,2,32.5,25.0,40.0,0.9714285714285714,0.9428571428571428,0.6465640046180015,6.5,2.25
run_20260528_232958_p24g2s20260531,mech_004_sealed_bid_first_price_grid_bf08ba90f18e,spsb_error_payment_panic_near_zero,2,2,5.0,5.0,5.0,0.5142857142857142,0.02857142857142857,-0.30073254517927683,18.0,484.0
run_20260528_232958_p24g2s20260531,mech_004_sealed_bid_first_price_grid_bf08ba90f18e,spsb_error_second_price_overgeneralizer,2,2,49.0,49.0,49.0,1.0,1.0,0.018727329110216462,-9.0,25.0
run_20260528_232958_p24g2s20260531,mech_005_first_price_discrete_grid_ipv_bd5e25c143f9,c0_f0_b0,2,2,30.0,25.0,35.0,1.0,1.0,0.6461749324966627,10.0,0.0
run_20260528_232958_p24g2s20260531,mech_005_first_price_discrete_grid_ipv_bd5e25c143f9,c2_f0_b2,2,2,30.0,25.0,35.0,0.9714285714285714,0.9428571428571428,0.6461749324966627,9.0,1.0
run_20260528_232958_p24g2s20260531,mech_005_first_price_discrete_grid_ipv_bd5e25c143f9,c2_f2_b2,2,2,35.0,30.0,40.0,1.0,1.0,0.7709635585912544,5.0,0.0
run_20260528_232958_p24g2s20260531,mech_005_first_price_discrete_grid_ipv_bd5e25c143f9,spsb_error_payment_panic_near_zero,2,2,5.0,5.0,5.0,0.2365079365079365,0.02857142857142857,-0.2727769422920694,5.5,90.25
run_20260528_232958_p24g2s20260531,mech_005_first_price_discrete_grid_ipv_bd5e25c143f9,spsb_error_second_price_overgeneralizer,2,2,49.0,49.0,49.0,0.9714285714285714,0.9428571428571428,0.5672366865454355,-10.0,36.0
run_20260528_232958_p24g2s20260531,mech_005_fpsb_discrete_grid_menu_e2d4f2452783,c0_f0_b0,2,2,27.5,25.0,30.0,1.0,1.0,0.6584944463665874,12.5,6.25
run_20260528_232958_p24g2s20260531,mech_005_fpsb_discrete_grid_menu_e2d4f2452783,c2_f0_b2,2,2,27.5,25.0,30.0,1.0,1.0,0.688821544102461,12.5,6.25
run_20260528_232958_p24g2s20260531,mech_005_fpsb_discrete_grid_menu_e2d4f2452783,c2_f2_b2,2,2,35.0,30.0,40.0,0.9714285714285714,0.9428571428571428,0.5963629107339994,4.0,1.0
run_20260528_232958_p24g2s20260531,mech_005_fpsb_discrete_grid_menu_e2d4f2452783,spsb_error_payment_panic_near_zero,2,2,5.0,5.0,5.0,0.6936507936507936,0.4444444444444444,0.9141269752315095,21.5,42.25
run_20260528_232958_p24g2s20260531,mech_005_fpsb_discrete_grid_menu_e2d4f2452783,spsb_error_second_price_overgeneralizer,2,2,49.0,49.0,49.0,0.5142857142857142,0.02857142857142857,-11.647656463629083,-26.0,484.0
run_20260528_232958_p24g2s20260531,mech_006_fpsb_continuous_traditional_3c6249464b93,c0_f0_b0,2,2,28.0,24.0,32.0,1.0,1.0,0.7043842552044312,12.0,1.0
run_20260528_232958_p24g2s20260531,mech_006_fpsb_continuous_traditional_3c6249464b93,c2_f0_b2,2,2,27.5,24.0,31.0,0.9714285714285714,0.9428571428571428,0.7032317927118525,11.5,6.25
run_20260528_232958_p24g2s20260531,mech_006_fpsb_continuous_traditional_3c6249464b93,c2_f2_b2,2,2,26.5,23.0,30.0,1.0,1.0,0.7897132848643429,13.5,2.25
run_20260528_232958_p24g2s20260531,mech_006_fpsb_continuous_traditional_3c6249464b93,spsb_error_payment_panic_near_zero,2,2,0.1,0.1,0.1,1.0,1.0,0.9745444611541586,39.9,25.0
run_20260528_232958_p24g2s20260531,mech_006_fpsb_continuous_traditional_3c6249464b93,spsb_error_second_price_overgeneralizer,2,2,50.5,49.0,52.0,0.2365079365079365,0.02857142857142857,-10.664238339381633,-40.0,64.0
run_20260528_232958_p24g2s20260531,mech_006_fpsb_grid_traditional_ba98afa143cd,c0_f0_b0,2,2,29.0,24.0,34.0,1.0,1.0,0.7284512866394529,11.0,0.0
run_20260528_232958_p24g2s20260531,mech_006_fpsb_grid_traditional_ba98afa143cd,c2_f0_b2,2,2,30.0,26.0,34.0,1.0,1.0,0.6612462734015837,10.0,1.0
run_20260528_232958_p24g2s20260531,mech_006_fpsb_grid_traditional_ba98afa143cd,c2_f2_b2,2,2,33.0,24.0,42.0,1.0,1.0,0.7198938852113659,7.0,16.0
run_20260528_232958_p24g2s20260531,mech_006_fpsb_grid_traditional_ba98afa143cd,spsb_error_payment_panic_near_zero,2,2,2.0,2.0,2.0,0.2365079365079365,0.02857142857142857,0.4908892230831723,8.5,90.25
run_20260528_232958_p24g2s20260531,mech_006_fpsb_grid_traditional_ba98afa143cd,spsb_error_second_price_overgeneralizer,2,2,49.0,49.0,49.0,0.2365079365079365,0.02857142857142857,-10.559701013692926,-38.5,90.25
run_20260528_232958_p24g2s20260531,mech_007_fpsb_continuous_menu_552ca79c0747,c0_f0_b0,2,2,28.75,24.5,33.0,1.0,1.0,0.6693158752099201,11.25,0.5625
run_20260528_232958_p24g2s20260531,mech_007_fpsb_continuous_menu_552ca79c0747,c2_f0_b2,2,2,28.0,24.5,31.5,1.0,1.0,0.8350084177231389,12.0,2.25
run_20260528_232958_p24g2s20260531,mech_007_fpsb_continuous_menu_552ca79c0747,c2_f2_b2,2,2,29.5,23.0,36.0,1.0,1.0,0.8151602107157668,10.5,2.25
run_20260528_232958_p24g2s20260531,mech_007_fpsb_continuous_menu_552ca79c0747,spsb_error_payment_panic_near_zero,2,2,0.1,0.1,0.1,0.9714285714285714,0.9428571428571428,0.9745444611541586,38.9,36.0
run_20260528_232958_p24g2s20260531,mech_007_fpsb_continuous_menu_552ca79c0747,spsb_error_second_price_overgeneralizer,2,2,45.0,38.0,52.0,0.9714285714285714,0.9428571428571428,0.480346677183257,-6.0,1.0
run_20260528_232958_p24g2s20260531,mech_007_sealed_bid_first_price_discrete_grid_516a8a94793d,c0_f0_b0,2,2,29.0,24.0,34.0,0.9714285714285714,0.9428571428571428,0.6670337718470998,10.0,1.0
run_20260528_232958_p24g2s20260531,mech_007_sealed_bid_first_price_discrete_grid_516a8a94793d,c2_f0_b2,2,2,28.0,24.0,32.0,0.9714285714285714,0.9428571428571428,0.8072517893164588,11.0,4.0
run_20260528_232958_p24g2s20260531,mech_007_sealed_bid_first_price_discrete_grid_516a8a94793d,c2_f2_b2,2,2,37.0,32.0,42.0,0.9714285714285714,0.9428571428571428,0.780885297500392,2.0,1.0
run_20260528_232958_p24g2s20260531,mech_007_sealed_bid_first_price_discrete_grid_516a8a94793d,spsb_error_payment_panic_near_zero,2,2,2.0,2.0,2.0,0.6936507936507936,0.4444444444444444,0.9345226093159842,24.5,42.25
run_20260528_232958_p24g2s20260531,mech_007_sealed_bid_first_price_discrete_grid_516a8a94793d,spsb_error_second_price_overgeneralizer,2,2,49.0,49.0,49.0,0.5777777777777777,0.15555555555555556,-11.659886301375632,-28.0,196.0
run_20260528_232958_p24g2s20260531,mech_008_first_price_sealed_bid_3b69f5a2c89a,c0_f0_b0,2,2,28.5,25.0,32.0,1.0,1.0,0.8305820091903484,11.5,2.25
run_20260528_232958_p24g2s20260531,mech_008_first_price_sealed_bid_3b69f5a2c89a,c2_f0_b2,2,2,28.5,25.0,32.0,1.0,1.0,0.8305820091903484,11.5,2.25
run_20260528_232958_p24g2s20260531,mech_008_first_price_sealed_bid_3b69f5a2c89a,c2_f2_b2,2,2,37.5,32.0,43.0,0.9714285714285714,0.9428571428571428,0.899941888564605,1.5,0.25
run_20260528_232958_p24g2s20260531,mech_008_first_price_sealed_bid_3b69f5a2c89a,spsb_error_payment_panic_near_zero,2,2,0.1,0.1,0.1,0.6936507936507936,0.4444444444444444,0.9745444611541586,26.4,42.25
run_20260528_232958_p24g2s20260531,mech_008_first_price_sealed_bid_3b69f5a2c89a,spsb_error_second_price_overgeneralizer,2,2,46.0,42.0,50.0,1.0,1.0,0.7048358250822283,-6.0,1.0
run_20260528_232958_p24g2s20260531,mech_008_fpsb_grid_coarse_traditional_none_0d9430082bae,c0_f0_b0,2,2,27.5,25.0,30.0,1.0,1.0,0.8257672412754062,12.5,6.25
run_20260528_232958_p24g2s20260531,mech_008_fpsb_grid_coarse_traditional_none_0d9430082bae,c2_f0_b2,2,2,27.5,25.0,30.0,1.0,1.0,0.6584944463665874,12.5,6.25
run_20260528_232958_p24g2s20260531,mech_008_fpsb_grid_coarse_traditional_none_0d9430082bae,c2_f2_b2,2,2,37.5,35.0,40.0,1.0,1.0,0.6051231199865574,2.5,6.25
run_20260528_232958_p24g2s20260531,mech_008_fpsb_grid_coarse_traditional_none_0d9430082bae,spsb_error_payment_panic_near_zero,2,2,5.0,5.0,5.0,0.2365079365079365,0.02857142857142857,-0.2727769422920694,5.5,90.25
run_20260528_232958_p24g2s20260531,mech_008_fpsb_grid_coarse_traditional_none_0d9430082bae,spsb_error_second_price_overgeneralizer,2,2,47.0,45.0,49.0,0.9714285714285714,0.9428571428571428,0.04636471352557081,-8.0,16.0
run_20260528_232958_p24g2s20260531,mech_008_fpsb_grid_traditional_private_only_f1097a8108d7,c0_f0_b0,2,2,27.5,25.0,30.0,1.0,1.0,0.8257672412754062,12.5,6.25
run_20260528_232958_p24g2s20260531,mech_008_fpsb_grid_traditional_private_only_f1097a8108d7,c2_f0_b2,2,2,27.5,25.0,30.0,0.9714285714285714,0.9428571428571428,0.6584944463665874,11.5,12.25
run_20260528_232958_p24g2s20260531,mech_008_fpsb_grid_traditional_private_only_f1097a8108d7,c2_f2_b2,2,2,35.0,30.0,40.0,1.0,1.0,0.7405852834034083,5.0,0.0
run_20260528_232958_p24g2s20260531,mech_008_fpsb_grid_traditional_private_only_f1097a8108d7,spsb_error_payment_panic_near_zero,2,2,5.0,5.0,5.0,0.6936507936507936,0.4444444444444444,0.8363065232899605,21.5,42.25
run_20260528_232958_p24g2s20260531,mech_008_fpsb_grid_traditional_private_only_f1097a8108d7,spsb_error_second_price_overgeneralizer,2,2,44.5,40.0,49.0,1.0,1.0,0.011648011682563797,-4.5,0.25
run_20260528_232958_p24g2s20260531,mech_009_first_price_continuous_bid_0ac563e6ff48,c0_f0_b0,2,2,28.5,25.0,32.0,0.9714285714285714,0.9428571428571428,0.8174986125591301,10.5,6.25
run_20260528_232958_p24g2s20260531,mech_009_first_price_continuous_bid_0ac563e6ff48,c2_f0_b2,2,2,27.5,24.0,31.0,0.9714285714285714,0.9428571428571428,0.8280643601428175,11.5,6.25
run_20260528_232958_p24g2s20260531,mech_009_first_price_continuous_bid_0ac563e6ff48,c2_f2_b2,2,2,40.0,35.0,45.0,1.0,1.0,0.992857507260742,0.0,0.0
run_20260528_232958_p24g2s20260531,mech_009_first_price_continuous_bid_0ac563e6ff48,spsb_error_payment_panic_near_zero,2,2,0.1,0.1,0.1,0.2365079365079365,0.02857142857142857,0.9745444611541586,10.399999999999999,90.24999999999999
run_20260528_232958_p24g2s20260531,mech_009_first_price_continuous_bid_0ac563e6ff48,spsb_error_second_price_overgeneralizer,2,2,45.0,42.0,48.0,1.0,1.0,-1.7840512982411298,-5.0,4.0
run_20260528_232958_p24g2s20260531,mech_009_fpsb_discrete_grid_traditional_5648e8e3cb1b,c0_f0_b0,2,2,30.0,25.0,35.0,1.0,1.0,0.8298413769213979,10.0,0.0
run_20260528_232958_p24g2s20260531,mech_009_fpsb_discrete_grid_traditional_5648e8e3cb1b,c2_f0_b2,2,2,27.5,25.0,30.0,1.0,1.0,0.6846750984000457,12.5,6.25
run_20260528_232958_p24g2s20260531,mech_009_fpsb_discrete_grid_traditional_5648e8e3cb1b,c2_f2_b2,2,2,35.0,30.0,40.0,1.0,1.0,0.7539196551852991,5.0,0.0
run_20260528_232958_p24g2s20260531,mech_009_fpsb_discrete_grid_traditional_5648e8e3cb1b,spsb_error_payment_panic_near_zero,2,2,5.0,5.0,5.0,0.7222222222222222,0.4444444444444444,-0.2727769422920694,22.5,56.25
run_20260528_232958_p24g2s20260531,mech_009_fpsb_discrete_grid_traditional_5648e8e3cb1b,spsb_error_second_price_overgeneralizer,2,2,49.0,49.0,49.0,0.9714285714285714,0.9428571428571428,-11.473214034462279,-10.0,36.0
run_20260528_232958_p24g2s20260531,mech_009_fpsb_grid_coarse_traditional_hint_fd4590177f52,c0_f0_b0,2,2,30.0,25.0,35.0,0.9714285714285714,0.9428571428571428,0.6461749324966627,9.0,1.0
run_20260528_232958_p24g2s20260531,mech_009_fpsb_grid_coarse_traditional_hint_fd4590177f52,c2_f0_b2,2,2,27.5,25.0,30.0,1.0,1.0,0.6750152639973916,12.5,6.25
run_20260528_232958_p24g2s20260531,mech_009_fpsb_grid_coarse_traditional_hint_fd4590177f52,c2_f2_b2,2,2,32.5,25.0,40.0,1.0,1.0,0.647620822498168,7.5,6.25
run_20260528_232958_p24g2s20260531,mech_009_fpsb_grid_coarse_traditional_hint_fd4590177f52,spsb_error_payment_panic_near_zero,2,2,5.0,5.0,5.0,0.6936507936507936,0.4444444444444444,0.9141269752315095,21.5,42.25
run_20260528_232958_p24g2s20260531,mech_009_fpsb_grid_coarse_traditional_hint_fd4590177f52,spsb_error_second_price_overgeneralizer,2,2,49.0,49.0,49.0,0.9714285714285714,0.9428571428571428,-10.529168914286489,-10.0,36.0
run_20260528_232958_p24g2s20260531,mech_010_single_item_first_price_continuous_cf1e065e33a4,c0_f0_b0,2,2,28.5,25.0,32.0,1.0,1.0,0.7043145069408447,11.5,2.25
run_20260528_232958_p24g2s20260531,mech_010_single_item_first_price_continuous_cf1e065e33a4,c2_f0_b2,2,2,28.5,25.0,32.0,1.0,1.0,0.6706947508924497,11.5,2.25
run_20260528_232958_p24g2s20260531,mech_010_single_item_first_price_continuous_cf1e065e33a4,c2_f2_b2,2,2,36.0,28.0,44.0,0.9714285714285714,0.9428571428571428,0.7035987249986545,3.0,4.0
run_20260528_232958_p24g2s20260531,mech_010_single_item_first_price_continuous_cf1e065e33a4,spsb_error_payment_panic_near_zero,2,2,0.1,0.1,0.1,0.7222222222222222,0.4444444444444444,0.9745444611541586,27.4,56.25
run_20260528_232958_p24g2s20260531,mech_010_single_item_first_price_continuous_cf1e065e33a4,spsb_error_second_price_overgeneralizer,2,2,45.0,42.0,48.0,1.0,1.0,0.8060273901047738,-5.0,4.0
run_20260528_232958_p24g2s20260531,mech_010_single_item_first_price_ranked_menu_5d7f782dfa6a,c0_f0_b0,2,2,27.5,25.0,30.0,1.0,1.0,0.6750152639973916,12.5,6.25
run_20260528_232958_p24g2s20260531,mech_010_single_item_first_price_ranked_menu_5d7f782dfa6a,c2_f0_b2,2,2,27.5,25.0,30.0,1.0,1.0,0.6750152639973916,12.5,6.25
run_20260528_232958_p24g2s20260531,mech_010_single_item_first_price_ranked_menu_5d7f782dfa6a,c2_f2_b2,2,2,35.0,30.0,40.0,1.0,1.0,0.7539196551852991,5.0,0.0
run_20260528_232958_p24g2s20260531,mech_010_single_item_first_price_ranked_menu_5d7f782dfa6a,spsb_error_payment_panic_near_zero,2,2,5.0,5.0,5.0,1.0,1.0,0.9401391084709801,35.0,25.0
run_20260528_232958_p24g2s20260531,mech_010_single_item_first_price_ranked_menu_5d7f782dfa6a,spsb_error_second_price_overgeneralizer,2,2,49.0,49.0,49.0,0.5142857142857142,0.02857142857142857,-10.311002673303529,-26.0,484.0
run_20260528_232958_p24g2s20260531,mech_011_first_price_sealed_bid_a36f213472bb,c0_f0_b0,2,2,27.0,25.0,29.0,1.0,1.0,0.8219000738340818,13.0,9.0
run_20260528_232958_p24g2s20260531,mech_011_first_price_sealed_bid_a36f213472bb,c2_f0_b2,2,2,28.0,25.0,31.0,1.0,1.0,0.8284468118883384,12.0,4.0
run_20260528_232958_p24g2s20260531,mech_011_first_price_sealed_bid_a36f213472bb,c2_f2_b2,2,2,27.5,24.0,31.0,1.0,1.0,0.7723679699827124,12.5,2.25
run_20260528_232958_p24g2s20260531,mech_011_first_price_sealed_bid_a36f213472bb,spsb_error_payment_panic_near_zero,2,2,0.1,0.1,0.1,0.5777777777777777,0.15555555555555556,0.9745444611541586,20.9,195.99999999999997
run_20260528_232958_p24g2s20260531,mech_011_first_price_sealed_bid_a36f213472bb,spsb_error_second_price_overgeneralizer,2,2,45.5,42.0,49.0,1.0,1.0,0.053748306148859226,-5.5,2.25
run_20260528_232958_p24g2s20260531,mech_011_fpsb_discrete_grid_traditional_36813b25b894,c0_f0_b0,2,2,27.5,25.0,30.0,1.0,1.0,0.8257672412754062,12.5,6.25
run_20260528_232958_p24g2s20260531,mech_011_fpsb_discrete_grid_traditional_36813b25b894,c2_f0_b2,2,2,27.5,25.0,30.0,0.9714285714285714,0.9428571428571428,0.6584944463665874,11.5,12.25
run_20260528_232958_p24g2s20260531,mech_011_fpsb_discrete_grid_traditional_36813b25b894,c2_f2_b2,2,2,32.5,30.0,35.0,0.9714285714285714,0.9428571428571428,0.7916005095540839,6.5,12.25
run_20260528_232958_p24g2s20260531,mech_011_fpsb_discrete_grid_traditional_36813b25b894,spsb_error_payment_panic_near_zero,2,2,5.0,5.0,5.0,0.9714285714285714,0.9428571428571428,0.8353311537270345,34.0,36.0
run_20260528_232958_p24g2s20260531,mech_011_fpsb_discrete_grid_traditional_36813b25b894,spsb_error_second_price_overgeneralizer,2,2,49.0,49.0,49.0,0.5142857142857142,0.02857142857142857,-10.584168393525642,-26.0,484.0
run_20260528_232958_p24g2s20260531,mech_012_first_price_grid_sealed_bid_69a486902717,c0_f0_b0,2,2,27.5,25.0,30.0,1.0,1.0,0.6584944463665874,12.5,6.25
run_20260528_232958_p24g2s20260531,mech_012_first_price_grid_sealed_bid_69a486902717,c2_f0_b2,2,2,27.5,25.0,30.0,1.0,1.0,0.6584944463665874,12.5,6.25
run_20260528_232958_p24g2s20260531,mech_012_first_price_grid_sealed_bid_69a486902717,c2_f2_b2,2,2,32.5,30.0,35.0,1.0,1.0,0.6909893973969101,7.5,6.25
run_20260528_232958_p24g2s20260531,mech_012_first_price_grid_sealed_bid_69a486902717,spsb_error_payment_panic_near_zero,2,2,5.0,5.0,5.0,0.5142857142857142,0.02857142857142857,-0.30073254517927683,18.0,484.0
run_20260528_232958_p24g2s20260531,mech_012_first_price_grid_sealed_bid_69a486902717,spsb_error_second_price_overgeneralizer,2,2,49.0,49.0,49.0,1.0,1.0,-10.503354602312767,-9.0,25.0
run_20260528_232958_p24g2s20260531,mech_012_fpsb_grid_coarse_menu_none_ae40994dac26,c0_f0_b0,2,2,30.0,25.0,35.0,1.0,1.0,0.6626957501274671,10.0,0.0
run_20260528_232958_p24g2s20260531,mech_012_fpsb_grid_coarse_menu_none_ae40994dac26,c2_f0_b2,2,2,30.0,25.0,35.0,0.9714285714285714,0.9428571428571428,0.6461749324966627,9.0,1.0
run_20260528_232958_p24g2s20260531,mech_012_fpsb_grid_coarse_menu_none_ae40994dac26,c2_f2_b2,2,2,32.5,25.0,40.0,0.9714285714285714,0.9428571428571428,0.7886567493186634,6.5,2.25
run_20260528_232958_p24g2s20260531,mech_012_fpsb_grid_coarse_menu_none_ae40994dac26,spsb_error_payment_panic_near_zero,2,2,5.0,5.0,5.0,0.7222222222222222,0.4444444444444444,0.8363065232899605,22.5,56.25
run_20260528_232958_p24g2s20260531,mech_012_fpsb_grid_coarse_menu_none_ae40994dac26,spsb_error_second_price_overgeneralizer,2,2,47.0,45.0,49.0,1.0,1.0,0.02746761785913543,-7.0,9.0
run_20260528_232958_p24g2s20260531,mech_012_sealed_bid_first_price_grid_f309574c6818,c0_f0_b0,2,2,27.5,25.0,30.0,1.0,1.0,0.6750152639973916,12.5,6.25
run_20260528_232958_p24g2s20260531,mech_012_sealed_bid_first_price_grid_f309574c6818,c2_f0_b2,2,2,30.0,25.0,35.0,1.0,1.0,0.6461749324966627,10.0,0.0
run_20260528_232958_p24g2s20260531,mech_012_sealed_bid_first_price_grid_f309574c6818,c2_f2_b2,2,2,30.0,30.0,30.0,1.0,1.0,0.6522844510462833,10.0,25.0
run_20260528_232958_p24g2s20260531,mech_012_sealed_bid_first_price_grid_f309574c6818,spsb_error_payment_panic_near_zero,2,2,5.0,5.0,5.0,0.5142857142857142,0.02857142857142857,-0.29099774847309723,18.0,484.0
run_20260528_232958_p24g2s20260531,mech_012_sealed_bid_first_price_grid_f309574c6818,spsb_error_second_price_overgeneralizer,2,2,49.0,49.0,49.0,0.9714285714285714,0.9428571428571428,0.5523731404713431,-10.0,36.0
run_20260528_232958_p24g2s20260531,mech_013_first_price_discrete_grid_c34401a04d7f,c0_f0_b0,2,2,27.5,25.0,30.0,1.0,1.0,0.6846750984000457,12.5,6.25
run_20260528_232958_p24g2s20260531,mech_013_first_price_discrete_grid_c34401a04d7f,c2_f0_b2,2,2,27.5,25.0,30.0,0.9714285714285714,0.9428571428571428,0.6584944463665874,11.5,12.25
run_20260528_232958_p24g2s20260531,mech_013_first_price_discrete_grid_c34401a04d7f,c2_f2_b2,2,2,35.0,30.0,40.0,1.0,1.0,0.5963629107339994,5.0,0.0
run_20260528_232958_p24g2s20260531,mech_013_first_price_discrete_grid_c34401a04d7f,spsb_error_payment_panic_near_zero,2,2,5.0,5.0,5.0,0.9714285714285714,0.9428571428571428,0.8363065232899605,34.0,36.0
run_20260528_232958_p24g2s20260531,mech_013_first_price_discrete_grid_c34401a04d7f,spsb_error_second_price_overgeneralizer,2,2,49.0,49.0,49.0,0.5142857142857142,0.02857142857142857,-10.34378302562052,-26.0,484.0
run_20260528_232958_p24g2s20260531,mech_013_fpsb_continuous_private_a4008ef27260,c0_f0_b0,2,2,28.5,25.0,32.0,1.0,1.0,0.7073830421667415,11.5,2.25
run_20260528_232958_p24g2s20260531,mech_013_fpsb_continuous_private_a4008ef27260,c2_f0_b2,2,2,28.0,25.0,31.0,1.0,1.0,0.700059871333037,12.0,4.0
run_20260528_232958_p24g2s20260531,mech_013_fpsb_continuous_private_a4008ef27260,c2_f2_b2,2,2,39.0,34.0,44.0,1.0,1.0,0.8026676399926136,1.0,0.0
run_20260528_232958_p24g2s20260531,mech_013_fpsb_continuous_private_a4008ef27260,spsb_error_payment_panic_near_zero,2,2,0.1,0.1,0.1,0.09206349206349207,0.02857142857142857,0.9745444611541586,3.9000000000000004,9.000000000000002
run_20260528_232958_p24g2s20260531,mech_013_fpsb_continuous_private_a4008ef27260,spsb_error_second_price_overgeneralizer,2,2,49.5,49.0,50.0,0.5142857142857142,0.02857142857142857,-10.478865173341383,-26.5,462.25
run_20260528_232958_p24g2s20260531,mech_014_first_price_grid_short_hint_d01dccf63b5c,c0_f0_b0,2,2,27.0,26.0,28.0,1.0,1.0,0.6700822537544946,13.0,16.0
run_20260528_232958_p24g2s20260531,mech_014_first_price_grid_short_hint_d01dccf63b5c,c2_f0_b2,2,2,26.0,24.0,28.0,0.9714285714285714,0.9428571428571428,0.6766298707243663,13.0,16.0
run_20260528_232958_p24g2s20260531,mech_014_first_price_grid_short_hint_d01dccf63b5c,c2_f2_b2,2,2,38.0,32.0,44.0,1.0,1.0,0.5632433878377945,2.0,1.0
run_20260528_232958_p24g2s20260531,mech_014_first_price_grid_short_hint_d01dccf63b5c,spsb_error_payment_panic_near_zero,2,2,2.0,2.0,2.0,0.5492063492063493,0.15555555555555556,0.4908892230831723,18.0,169.0
run_20260528_232958_p24g2s20260531,mech_014_first_price_grid_short_hint_d01dccf63b5c,spsb_error_second_price_overgeneralizer,2,2,49.0,49.0,49.0,0.5142857142857142,0.02857142857142857,-10.334818272426942,-26.0,484.0
run_20260528_232958_p24g2s20260531,mech_014_sealed_bid_first_price_grid_82af1a8bf679,c0_f0_b0,2,2,28.0,24.0,32.0,1.0,1.0,0.6542538596621541,12.0,1.0
run_20260528_232958_p24g2s20260531,mech_014_sealed_bid_first_price_grid_82af1a8bf679,c2_f0_b2,2,2,28.0,24.0,32.0,1.0,1.0,0.6656514518785958,12.0,1.0
run_20260528_232958_p24g2s20260531,mech_014_sealed_bid_first_price_grid_82af1a8bf679,c2_f2_b2,2,2,38.0,32.0,44.0,0.9714285714285714,0.9428571428571428,0.5558155975071496,1.0,0.0
run_20260528_232958_p24g2s20260531,mech_014_sealed_bid_first_price_grid_82af1a8bf679,spsb_error_payment_panic_near_zero,2,2,2.0,2.0,2.0,0.5492063492063493,0.15555555555555556,0.9341324614908137,18.0,169.0
run_20260528_232958_p24g2s20260531,mech_014_sealed_bid_first_price_grid_82af1a8bf679,spsb_error_second_price_overgeneralizer,2,2,49.0,49.0,49.0,0.5142857142857142,0.02857142857142857,-11.613296651474947,-26.0,484.0
run_20260528_232958_p24g2s20260531,mech_015_first_price_discrete_grid_3p_a7947275587f,c0_f0_b0,2,2,27.5,25.0,30.0,1.0,1.0,0.6750152639973916,12.5,6.25
run_20260528_232958_p24g2s20260531,mech_015_first_price_discrete_grid_3p_a7947275587f,c2_f0_b2,2,2,27.5,25.0,30.0,1.0,1.0,0.6750152639973916,12.5,6.25
run_20260528_232958_p24g2s20260531,mech_015_first_price_discrete_grid_3p_a7947275587f,c2_f2_b2,2,2,35.0,30.0,40.0,1.0,1.0,0.7709635585912544,5.0,0.0
run_20260528_232958_p24g2s20260531,mech_015_first_price_discrete_grid_3p_a7947275587f,spsb_error_payment_panic_near_zero,2,2,5.0,5.0,5.0,0.5777777777777777,0.15555555555555556,0.808350920402753,16.0,196.0
run_20260528_232958_p24g2s20260531,mech_015_first_price_discrete_grid_3p_a7947275587f,spsb_error_second_price_overgeneralizer,2,2,49.0,49.0,49.0,0.5777777777777777,0.15555555555555556,-10.691517680266244,-28.0,196.0
run_20260528_232958_p24g2s20260531,mech_015_fpsb_continuous_traditional_example_c4dc1844a2de,c0_f0_b0,2,2,28.5,25.0,32.0,1.0,1.0,0.6706466812523493,11.5,2.25
run_20260528_232958_p24g2s20260531,mech_015_fpsb_continuous_traditional_example_c4dc1844a2de,c2_f0_b2,2,2,28.5,25.0,32.0,1.0,1.0,0.7106902707797483,11.5,2.25
run_20260528_232958_p24g2s20260531,mech_015_fpsb_continuous_traditional_example_c4dc1844a2de,c2_f2_b2,2,2,37.0,32.0,42.0,0.9714285714285714,0.9428571428571428,0.6950268774491192,2.0,1.0
run_20260528_232958_p24g2s20260531,mech_015_fpsb_continuous_traditional_example_c4dc1844a2de,spsb_error_payment_panic_near_zero,2,2,0.1,0.1,0.1,0.6936507936507936,0.4444444444444444,0.9745444611541586,26.4,42.25
run_20260528_232958_p24g2s20260531,mech_015_fpsb_continuous_traditional_example_c4dc1844a2de,spsb_error_second_price_overgeneralizer,2,2,50.5,49.0,52.0,1.0,1.0,0.5717576045637278,-10.5,12.25
run_20260528_232958_p24g2s20260531,mech_015_fpsb_grid_menu_afcd31979a0e,c0_f0_b0,2,2,27.5,25.0,30.0,1.0,1.0,0.8257672412754062,12.5,6.25
run_20260528_232958_p24g2s20260531,mech_015_fpsb_grid_menu_afcd31979a0e,c2_f0_b2,2,2,30.0,25.0,35.0,1.0,1.0,0.6461749324966627,10.0,0.0
run_20260528_232958_p24g2s20260531,mech_015_fpsb_grid_menu_afcd31979a0e,c2_f2_b2,2,2,32.5,30.0,35.0,1.0,1.0,0.7785834651572293,7.5,6.25
run_20260528_232958_p24g2s20260531,mech_015_fpsb_grid_menu_afcd31979a0e,spsb_error_payment_panic_near_zero,2,2,5.0,5.0,5.0,0.5777777777777777,0.15555555555555556,0.8363065232899605,16.0,196.0
run_20260528_232958_p24g2s20260531,mech_015_fpsb_grid_menu_afcd31979a0e,spsb_error_second_price_overgeneralizer,2,2,49.0,49.0,49.0,0.5142857142857142,0.02857142857142857,-10.578962062795647,-26.0,484.0
run_20260528_232958_p24g2s20260531,mech_016_first_price_continuous_bid_sealed_f4d0306fde9a,c0_f0_b0,2,2,28.0,26.0,30.0,1.0,1.0,0.8131707293320378,12.0,9.0
run_20260528_232958_p24g2s20260531,mech_016_first_price_continuous_bid_sealed_f4d0306fde9a,c2_f0_b2,2,2,28.25,25.0,31.5,1.0,1.0,0.8218592868855965,11.75,3.0625
run_20260528_232958_p24g2s20260531,mech_016_first_price_continuous_bid_sealed_f4d0306fde9a,c2_f2_b2,2,2,33.95,23.0,44.9,1.0,1.0,0.8100096925462327,6.050000000000001,35.40249999999999
run_20260528_232958_p24g2s20260531,mech_016_first_price_continuous_bid_sealed_f4d0306fde9a,spsb_error_payment_panic_near_zero,2,2,0.1,0.1,0.1,0.09206349206349207,0.02857142857142857,0.9745444611541586,3.9000000000000004,9.000000000000002
run_20260528_232958_p24g2s20260531,mech_016_first_price_continuous_bid_sealed_f4d0306fde9a,spsb_error_second_price_overgeneralizer,2,2,40.95,34.9,47.0,1.0,1.0,-1.7397564084678714,-0.9499999999999993,1.1025000000000016
run_20260528_232958_p24g2s20260531,mech_016_first_price_grid_sealed_bid_74f4db950185,c0_f0_b0,2,2,27.0,24.0,30.0,0.9714285714285714,0.9428571428571428,0.6720550800648858,12.0,9.0
run_20260528_232958_p24g2s20260531,mech_016_first_price_grid_sealed_bid_74f4db950185,c2_f0_b2,2,2,29.0,24.0,34.0,1.0,1.0,0.6686596551664243,11.0,0.0
run_20260528_232958_p24g2s20260531,mech_016_first_price_grid_sealed_bid_74f4db950185,c2_f2_b2,2,2,39.0,34.0,44.0,1.0,1.0,0.7466312585746387,1.0,0.0
run_20260528_232958_p24g2s20260531,mech_016_first_price_grid_sealed_bid_74f4db950185,spsb_error_payment_panic_near_zero,2,2,2.0,2.0,2.0,0.9714285714285714,0.9428571428571428,0.9345226093159842,37.0,36.0
run_20260528_232958_p24g2s20260531,mech_016_first_price_grid_sealed_bid_74f4db950185,spsb_error_second_price_overgeneralizer,2,2,42.5,36.0,49.0,1.0,1.0,0.6417992959917005,-2.5,2.25
run_20260528_232958_p24g2s20260531,mech_016_fpsb_grid_fine_traditional_hint_32106a87175b,c0_f0_b0,2,2,27.0,24.0,30.0,1.0,1.0,0.8060222619666284,13.0,4.0
run_20260528_232958_p24g2s20260531,mech_016_fpsb_grid_fine_traditional_hint_32106a87175b,c2_f0_b2,2,2,26.0,24.0,28.0,0.9714285714285714,0.9428571428571428,0.6766298707243663,13.0,16.0
run_20260528_232958_p24g2s20260531,mech_016_fpsb_grid_fine_traditional_hint_32106a87175b,c2_f2_b2,2,2,34.0,28.0,40.0,0.9714285714285714,0.9428571428571428,0.7399961212438695,5.0,0.0
run_20260528_232958_p24g2s20260531,mech_016_fpsb_grid_fine_traditional_hint_32106a87175b,spsb_error_payment_panic_near_zero,2,2,2.0,2.0,2.0,0.6936507936507936,0.4444444444444444,0.4908892230831723,24.5,42.25
run_20260528_232958_p24g2s20260531,mech_016_fpsb_grid_fine_traditional_hint_32106a87175b,spsb_error_second_price_overgeneralizer,2,2,47.0,46.0,48.0,0.9714285714285714,0.9428571428571428,0.7299442856763158,-8.0,49.0
run_20260528_232958_p24g2s20260531,mech_017_first_price_sealed_bid_ipv_70aed1e7c092,c0_f0_b0,2,2,27.4,23.3,31.5,1.0,1.0,0.6978363468601713,12.6,0.8100000000000006
run_20260528_232958_p24g2s20260531,mech_017_first_price_sealed_bid_ipv_70aed1e7c092,c2_f0_b2,2,2,28.0,24.5,31.5,1.0,1.0,0.6737399732250996,12.0,2.25
run_20260528_232958_p24g2s20260531,mech_017_first_price_sealed_bid_ipv_70aed1e7c092,c2_f2_b2,2,2,34.45,34.0,34.9,1.0,1.0,0.7114058545601183,5.550000000000001,29.702499999999993
run_20260528_232958_p24g2s20260531,mech_017_first_price_sealed_bid_ipv_70aed1e7c092,spsb_error_payment_panic_near_zero,2,2,0.1,0.1,0.1,0.09206349206349207,0.02857142857142857,0.9745444611541586,3.9000000000000004,9.000000000000002
run_20260528_232958_p24g2s20260531,mech_017_first_price_sealed_bid_ipv_70aed1e7c092,spsb_error_second_price_overgeneralizer,2,2,50.5,49.0,52.0,0.5142857142857142,0.02857142857142857,-10.339256380057659,-27.5,420.25
run_20260528_232958_p24g2s20260531,mech_018_single_item_first_price_grid_2f4b673fe193,c0_f0_b0,2,2,27.0,24.0,30.0,1.0,1.0,0.8133332721624631,13.0,4.0
run_20260528_232958_p24g2s20260531,mech_018_single_item_first_price_grid_2f4b673fe193,c2_f0_b2,2,2,28.0,24.0,32.0,1.0,1.0,0.6669454435723129,12.0,1.0
run_20260528_232958_p24g2s20260531,mech_018_single_item_first_price_grid_2f4b673fe193,c2_f2_b2,2,2,36.0,28.0,44.0,1.0,1.0,0.6702508721950976,4.0,9.0
run_20260528_232958_p24g2s20260531,mech_018_single_item_first_price_grid_2f4b673fe193,spsb_error_payment_panic_near_zero,2,2,2.0,2.0,2.0,0.5142857142857142,0.02857142857142857,0.5220174038597919,21.0,484.0
run_20260528_232958_p24g2s20260531,mech_018_single_item_first_price_grid_2f4b673fe193,spsb_error_second_price_overgeneralizer,2,2,42.0,38.0,46.0,1.0,1.0,-1.188559661319331,-2.0,1.0
