run_tag,mechanism,fitness,failure_rate,n_personas,total_runs,overall_revenue_mean,overall_efficiency_mean,overall_simplicity_proxy,overall_regret_var,worst_persona_revenue_mean,p20_persona_revenue_mean,worst_persona_efficiency_mean,p20_persona_efficiency_mean,min_persona_simplicity_proxy,max_persona_winner_profit_var
run_20260528_232958_p24g2s20260531,mech_003_fpsb_grid_traditional_short_hint_eac2dc3dbda4,3.2343330171952545,0.0,5,10,27.1,0.9885714285714287,0.7441768970903991,223.05,2.0,22.8,0.9714285714285714,0.9714285714285714,0.6613486449705896,36.0
run_20260528_232958_p24g2s20260531,mech_016_first_price_grid_sealed_bid_74f4db950185,3.210914144773486,0.0,5,10,27.9,0.9885714285714287,0.7327335798227267,200.81,2.0,22.0,0.9714285714285714,0.9714285714285714,0.6417992959917005,36.0
run_20260528_232958_p24g2s20260531,mech_002_first_price_discrete_grid_ipv_f8a437d50933,3.2008335075669283,0.0,5,10,28.5,0.9885714285714287,0.6718989468021476,254.49,2.0,22.0,0.9714285714285714,0.9714285714285714,0.4908892230831723,25.0
run_20260528_232958_p24g2s20260531,mech_007_fpsb_continuous_menu_552ca79c0747,3.1934343446055498,0.0,5,10,26.270000000000003,0.9885714285714287,0.7548751283972484,216.72809999999998,0.1,22.42,0.9714285714285714,0.9714285714285714,0.480346677183257,36.0
run_20260528_232958_p24g2s20260531,mech_008_first_price_sealed_bid_3b69f5a2c89a,3.1251277484282327,0.0,5,10,28.120000000000005,0.9330158730158731,0.8480972386363378,128.9016,0.1,22.82,0.6936507936507936,0.9158730158730158,0.7048358250822283,42.25
run_20260528_232958_p24g2s20260531,mech_010_single_item_first_price_continuous_cf1e065e33a4,3.0716896041128,0.0,5,10,27.620000000000005,0.9387301587301587,0.7718359668181762,129.8996,0.1,22.82,0.7222222222222222,0.9215873015873016,0.6706947508924497,56.25
run_20260528_232958_p24g2s20260531,mech_015_fpsb_continuous_traditional_example_c4dc1844a2de,3.0106529536238056,0.0,5,10,28.920000000000005,0.9330158730158731,0.7245331790398206,160.22959999999998,0.1,22.82,0.6936507936507936,0.9158730158730158,0.5717576045637278,42.25
run_20260528_232958_p24g2s20260531,mech_002_fpsb_continuous_traditional_example_b1aae08d0a4b,2.958289593657027,0.0,5,10,23.82,0.9387301587301587,0.757414441394588,333.3916,0.1,21.220000000000002,0.6936507936507936,0.9387301587301587,0.630519347218119,306.25
run_20260528_232958_p24g2s20260531,mech_016_fpsb_grid_fine_traditional_hint_32106a87175b,2.9581789476486944,0.0,5,10,27.2,0.9215873015873017,0.6886963525388705,137.45,2.0,21.200000000000003,0.6936507936507936,0.9158730158730158,0.4908892230831723,49.0
run_20260528_232958_p24g2s20260531,mech_012_fpsb_grid_coarse_menu_none_ae40994dac26,2.8639164621267064,0.0,5,10,28.9,0.9330158730158731,0.5922603146183778,102.16,5.0,25.0,0.7222222222222222,0.9215873015873016,0.02746761785913543,56.25
run_20260528_232958_p24g2s20260531,mech_008_fpsb_grid_traditional_private_only_f1097a8108d7,2.8520427708063845,0.0,5,10,27.9,0.9330158730158731,0.6145603012035852,86.76,5.0,23.0,0.6936507936507936,0.9158730158730158,0.011648011682563797,42.25
run_20260528_232958_p24g2s20260531,mech_011_first_price_sealed_bid_a36f213472bb,2.7679914684676596,0.0,5,10,25.620000000000005,0.9155555555555555,0.6902015246016301,118.0256,0.1,21.62,0.5777777777777777,0.9155555555555556,0.053748306148859226,195.99999999999997
run_20260528_232958_p24g2s20260531,mech_004_fpsb_grid_traditional_hint_e68abb6f5ce5,2.7008424102122865,0.0,5,10,27.9,0.9330158730158731,0.3955324313023787,94.76,5.0,23.0,0.7222222222222222,0.9215873015873016,-0.21280492193197853,56.25
run_20260528_232958_p24g2s20260531,mech_012_sealed_bid_first_price_grid_f309574c6818,2.4893805403805573,0.0,5,10,28.3,0.8971428571428571,0.4469700079077167,200.69,5.0,23.0,0.5142857142857142,0.88,-0.29099774847309723,484.0
run_20260528_232958_p24g2s20260531,mech_004_sealed_bid_first_price_grid_bf08ba90f18e,2.4153178109578635,0.0,5,10,28.8,0.8857142857142858,0.33384563348243823,185.16,5.0,23.0,0.5142857142857142,0.88,-0.30073254517927683,484.0
run_20260528_232958_p24g2s20260531,mech_005_first_price_discrete_grid_ipv_bd5e25c143f9,2.342112534473564,0.0,5,10,29.8,0.8358730158730159,0.4715546335675892,77.49,5.0,25.0,0.2365079365079365,0.8244444444444444,-0.2727769422920694,90.25
run_20260528_232958_p24g2s20260531,mech_008_fpsb_grid_coarse_traditional_none_0d9430082bae,2.2943825637593958,0.0,5,10,28.9,0.8415873015873017,0.37259451577241054,82.6,5.0,23.0,0.2365079365079365,0.8244444444444444,-0.2727769422920694,90.25
run_20260528_232958_p24g2s20260531,mech_004_fpsb_continuous_menu_none_d5f4da5e47d1,2.1967662733495232,0.0,5,10,26.970000000000006,0.8126984126984127,0.5572445628807481,106.5701,0.1,21.220000000000002,0.09206349206349207,0.7955555555555556,-0.6270507907408296,9.000000000000002
run_20260528_232958_p24g2s20260531,mech_018_single_item_first_price_grid_2f4b673fe193,2.1495466484050314,0.0,5,10,27.0,0.9028571428571428,0.2967974660940669,162.44,2.0,22.0,0.5142857142857142,0.9028571428571429,-1.188559661319331,484.0
run_20260528_232958_p24g2s20260531,mech_009_first_price_continuous_bid_0ac563e6ff48,1.877659647311064,0.0,5,10,28.220000000000006,0.8358730158730159,0.3657827285751436,66.4516,0.1,22.020000000000003,0.2365079365079365,0.8244444444444444,-1.7840512982411298,90.24999999999999
run_20260528_232958_p24g2s20260531,mech_016_first_price_continuous_bid_sealed_f4d0306fde9a,1.7812661960739031,0.0,5,10,26.250000000000007,0.8184126984126984,0.3359655522900308,35.5665,0.1,22.42,0.09206349206349207,0.8184126984126985,-1.7397564084678714,35.40249999999999
run_20260528_232958_p24g2s20260531,mech_001_sealed_bid_first_price_grid_a6fb7771c67c,-0.8391812334173019,0.0,5,10,28.6,0.9155555555555555,-1.4174771096965344,133.04,2.0,22.8,0.5777777777777777,0.9155555555555556,-10.283726269831694,196.0
run_20260528_232958_p24g2s20260531,mech_009_fpsb_grid_coarse_traditional_hint_fd4590177f52,-0.87869627295885,0.0,5,10,28.8,0.9273015873015874,-1.5292461840125515,123.89,5.0,23.0,0.6936507936507936,0.9158730158730158,-10.529168914286489,42.25
run_20260528_232958_p24g2s20260531,mech_001_fpsb_continuous_traditional_hint_6d580d035b67,-0.9759800757406474,0.0,5,10,25.820000000000004,0.8069841269841269,-1.2599639823047322,361.9156,0.1,20.82,0.5142857142857142,0.5650793650793651,-9.469268585266704,441.0
run_20260528_232958_p24g2s20260531,mech_010_single_item_first_price_ranked_menu_5d7f782dfa6a,-1.006736891852681,0.0,5,10,28.8,0.9028571428571428,-1.4533826763304933,491.16,5.0,23.0,0.5142857142857142,0.9028571428571429,-10.311002673303529,484.0
run_20260528_232958_p24g2s20260531,mech_013_first_price_discrete_grid_c34401a04d7f,-1.083432930047558,0.0,5,10,28.8,0.8914285714285715,-1.5135888093659853,482.04,5.0,23.0,0.5142857142857142,0.88,-10.34378302562052,484.0
run_20260528_232958_p24g2s20260531,mech_011_fpsb_discrete_grid_traditional_36813b25b894,-1.0843602375622987,0.0,5,10,28.3,0.8857142857142858,-1.4945950085205064,483.41,5.0,23.0,0.5142857142857142,0.88,-10.584168393525642,484.0
run_20260528_232958_p24g2s20260531,mech_001_fpsb_continuous_worked_example_009382c9a780,-1.1107316658611297,0.0,5,10,27.120000000000005,0.8415873015873017,-1.3802997355689888,431.3336,0.1,22.020000000000003,0.5142857142857142,0.6806349206349206,-10.361982557385906,420.25
run_20260528_232958_p24g2s20260531,mech_012_first_price_grid_sealed_bid_69a486902717,-1.1651826932808778,0.0,5,10,28.3,0.9028571428571428,-1.7592217714723914,191.41,5.0,23.0,0.5142857142857142,0.9028571428571429,-10.503354602312767,484.0
run_20260528_232958_p24g2s20260531,mech_009_fpsb_discrete_grid_traditional_5648e8e3cb1b,-1.2610351837165208,0.0,5,10,29.3,0.9387301587301587,-1.895510969249521,133.2,5.0,23.0,0.7222222222222222,0.9215873015873016,-11.473214034462279,56.25
run_20260528_232958_p24g2s20260531,mech_015_first_price_discrete_grid_3p_a7947275587f,-1.2668053293696153,0.0,5,10,28.8,0.8311111111111111,-1.5524345346554904,343.44,5.0,23.0,0.5777777777777777,0.5777777777777777,-10.691517680266244,196.0
run_20260528_232958_p24g2s20260531,mech_015_fpsb_grid_menu_afcd31979a0e,-1.3181298725995843,0.0,5,10,28.8,0.8184126984126984,-1.4984259801152775,371.4,5.0,23.0,0.5142857142857142,0.5650793650793651,-10.578962062795647,484.0
run_20260528_232958_p24g2s20260531,mech_006_fpsb_continuous_traditional_3c6249464b93,-1.3309779300426499,0.0,5,10,26.520000000000003,0.8415873015873017,-1.4984729090893696,695.3376,0.1,21.220000000000002,0.2365079365079365,0.8244444444444444,-10.664238339381633,64.0
run_20260528_232958_p24g2s20260531,mech_014_first_price_grid_short_hint_d01dccf63b5c,-1.3852712339787594,0.0,5,10,28.4,0.8069841269841269,-1.586794707405423,389.6,2.0,21.200000000000003,0.5142857142857142,0.5422222222222223,-10.334818272426942,484.0
run_20260528_232958_p24g2s20260531,mech_007_sealed_bid_first_price_discrete_grid_516a8a94793d,-1.557695091487711,0.0,5,10,29.0,0.8371428571428572,-1.69403856667914,355.49,2.0,22.8,0.5777777777777777,0.6704761904761904,-11.659886301375632,196.0
run_20260528_232958_p24g2s20260531,mech_000_fpsb_discrete_grid_traditional_34b381cd7078,-1.6124860367608567,0.0,5,10,28.2,0.8485714285714285,-1.7343934413501785,384.29,2.0,21.200000000000003,0.5492063492063493,0.6876190476190476,-11.615864142649949,169.0
run_20260528_232958_p24g2s20260531,mech_017_first_price_sealed_bid_ipv_70aed1e7c092,-1.6135723657365224,0.0,5,10,28.090000000000003,0.7212698412698413,-1.4563459488516224,311.6909,0.1,21.94,0.09206349206349207,0.4298412698412698,-10.339256380057659,420.25
run_20260528_232958_p24g2s20260531,mech_013_fpsb_continuous_private_a4008ef27260,-1.6654271363653228,0.0,5,10,29.020000000000003,0.7212698412698413,-1.4588420317389663,294.2976,0.1,22.42,0.09206349206349207,0.4298412698412698,-10.478865173341383,462.25
run_20260528_232958_p24g2s20260531,mech_005_fpsb_discrete_grid_menu_e2d4f2452783,-1.7019931781540607,0.0,5,10,28.8,0.8358730158730159,-1.757970117438905,377.29,5.0,23.0,0.5142857142857142,0.6577777777777778,-11.647656463629083,484.0
run_20260528_232958_p24g2s20260531,mech_003_first_price_sealed_bid_ipv_db7bddc5c65f,-1.70331226354371,0.0,5,10,26.820000000000004,0.8,-1.646097314493299,485.4896,0.1,21.220000000000002,0.5142857142857142,0.5142857142857142,-11.472449331713815,506.25
run_20260528_232958_p24g2s20260531,mech_006_fpsb_grid_traditional_ba98afa143cd,-1.7635621027737813,0.0,5,10,28.6,0.6946031746031747,-1.5918440690714704,404.24,2.0,23.6,0.2365079365079365,0.2365079365079365,-10.559701013692926,90.25
run_20260528_232958_p24g2s20260531,mech_014_sealed_bid_first_price_grid_82af1a8bf679,-1.8103118772057467,0.0,5,10,29.0,0.8069841269841269,-1.7606886561872468,377.24,2.0,22.8,0.5142857142857142,0.5422222222222223,-11.613296651474947,484.0
run_20260528_232958_p24g2s20260531,mech_002_sealed_bid_first_price_ipv_2e39e4ef15c0,-2.0726398018042165,0.0,5,10,29.320000000000004,0.8057142857142857,-2.991555547183985,390.32759999999996,0.1,22.82,0.5142857142857142,0.5142857142857142,-10.484249298034081,506.25
run_20260528_232958_p24g2s20260531,mech_000_first_price_sealed_bid_b8c415e03c63,-2.496884234438851,0.0,5,10,28.320000000000004,0.6241269841269841,-2.9490839517907252,421.5596,0.1,22.020000000000003,0.09206349206349207,0.4298412698412698,-10.45439780313339,576.0
