mechanism_id,mechanism_label,persona_id,benchmark,config_file
fpsb_apv,FPSB APV,c0_f0_b0_cot,((3 - 1) / 3) * v,config_v2/configs_auction/cv_apv_panel/fpsb_apv__c0_f0_b0_cot.yaml
fpsb_apv,FPSB APV,c2_f2_b2_cot,((3 - 1) / 3) * v,config_v2/configs_auction/cv_apv_panel/fpsb_apv__c2_f2_b2_cot.yaml
fpsb_apv,FPSB APV,spsb_error_win_seeker,((3 - 1) / 3) * v,config_v2/configs_auction/cv_apv_panel/fpsb_apv__spsb_error_win_seeker.yaml
fpsb_apv,FPSB APV,spsb_error_loss_averse,((3 - 1) / 3) * v,config_v2/configs_auction/cv_apv_panel/fpsb_apv__spsb_error_loss_averse.yaml
fpsb_apv,FPSB APV,spsb_outcome_truthful,((3 - 1) / 3) * v,config_v2/configs_auction/cv_apv_panel/fpsb_apv__spsb_outcome_truthful.yaml
spsb_apv,SPSB APV,c0_f0_b0_cot,v,config_v2/configs_auction/cv_apv_panel/spsb_apv__c0_f0_b0_cot.yaml
spsb_apv,SPSB APV,c2_f2_b2_cot,v,config_v2/configs_auction/cv_apv_panel/spsb_apv__c2_f2_b2_cot.yaml
spsb_apv,SPSB APV,spsb_error_win_seeker,v,config_v2/configs_auction/cv_apv_panel/spsb_apv__spsb_error_win_seeker.yaml
spsb_apv,SPSB APV,spsb_error_loss_averse,v,config_v2/configs_auction/cv_apv_panel/spsb_apv__spsb_error_loss_averse.yaml
spsb_apv,SPSB APV,spsb_outcome_truthful,v,config_v2/configs_auction/cv_apv_panel/spsb_apv__spsb_outcome_truthful.yaml
fpsb_cv,FPSB CV,c0_f0_b0_cot,((3 - 1) / 3) * v,config_v2/configs_auction/cv_apv_panel/fpsb_cv__c0_f0_b0_cot.yaml
fpsb_cv,FPSB CV,c2_f2_b2_cot,((3 - 1) / 3) * v,config_v2/configs_auction/cv_apv_panel/fpsb_cv__c2_f2_b2_cot.yaml
fpsb_cv,FPSB CV,spsb_error_win_seeker,((3 - 1) / 3) * v,config_v2/configs_auction/cv_apv_panel/fpsb_cv__spsb_error_win_seeker.yaml
fpsb_cv,FPSB CV,spsb_error_loss_averse,((3 - 1) / 3) * v,config_v2/configs_auction/cv_apv_panel/fpsb_cv__spsb_error_loss_averse.yaml
fpsb_cv,FPSB CV,spsb_outcome_truthful,((3 - 1) / 3) * v,config_v2/configs_auction/cv_apv_panel/fpsb_cv__spsb_outcome_truthful.yaml
spsb_cv,SPSB CV,c0_f0_b0_cot,v,config_v2/configs_auction/cv_apv_panel/spsb_cv__c0_f0_b0_cot.yaml
spsb_cv,SPSB CV,c2_f2_b2_cot,v,config_v2/configs_auction/cv_apv_panel/spsb_cv__c2_f2_b2_cot.yaml
spsb_cv,SPSB CV,spsb_error_win_seeker,v,config_v2/configs_auction/cv_apv_panel/spsb_cv__spsb_error_win_seeker.yaml
spsb_cv,SPSB CV,spsb_error_loss_averse,v,config_v2/configs_auction/cv_apv_panel/spsb_cv__spsb_error_loss_averse.yaml
spsb_cv,SPSB CV,spsb_outcome_truthful,v,config_v2/configs_auction/cv_apv_panel/spsb_cv__spsb_outcome_truthful.yaml
